site,year,latitude,longitude,bbox_side,open_et_version,scaled_annual_et_avg
KSGS.371852100505801,2000,37.31502,-100.8505,1,2.0,781.134
KSGS.371852100505801,2001,37.31502,-100.8505,1,2.0,859.635
KSGS.371852100505801,2002,37.31502,-100.8505,1,2.0,787.151
KSGS.371852100505801,2003,37.31502,-100.8505,1,2.0,836.748
KSGS.371852100505801,2004,37.31502,-100.8505,1,2.0,666.882
KSGS.371852100505801,2005,37.31502,-100.8505,1,2.0,831.898
KSGS.371852100505801,2006,37.31502,-100.8505,1,2.0,840.448
KSGS.371852100505801,2007,37.31502,-100.8505,1,2.0,815.141
KSGS.371852100505801,2008,37.31502,-100.8505,1,2.0,808.424
KSGS.371852100505801,2009,37.31502,-100.8505,1,2.0,759.258
KSGS.371852100505801,2010,37.31502,-100.8505,1,2.0,745.527
KSGS.371852100505801,2011,37.31502,-100.8505,1,2.0,804.447
KSGS.371852100505801,2012,37.31502,-100.8505,1,2.0,713.223
KSGS.371852100505801,2013,37.31502,-100.8505,1,2.0,784.084
KSGS.371852100505801,2014,37.31502,-100.8505,1,2.0,831.498
KSGS.371852100505801,2015,37.31502,-100.8505,1,2.0,893.543
KSGS.371852100505801,2016,37.31502,-100.8505,1,2.0,791.494
KSGS.371852100505801,2017,37.31502,-100.8505,1,2.0,674.263
KSGS.371852100505801,2018,37.31502,-100.8505,1,2.0,803.025
KSGS.371852100505801,2019,37.31502,-100.8505,1,2.0,823.101
KSGS.371852100505801,2020,37.31502,-100.8505,1,2.1,888.307
KSGS.371852100505801,2021,37.31502,-100.8505,1,2.1,854.761
KSGS.371852100505801,2022,37.31502,-100.8505,1,2.1,837.721
KSGS.371852100505801,2023,37.31502,-100.8505,1,2.1,886.961
KSGS.371852100505801,2024,37.31502,-100.8505,1,2.1,928.534
KSGS.371852100505801,2025,37.31502,-100.8505,1,2.1,911.012
KSGS.372043101363101,2000,37.34495,-101.6104,1,2.0,588.628
KSGS.372043101363101,2001,37.34495,-101.6104,1,2.0,565.834
KSGS.372043101363101,2002,37.34495,-101.6104,1,2.0,522.828
KSGS.372043101363101,2003,37.34495,-101.6104,1,2.0,592.707
KSGS.372043101363101,2004,37.34495,-101.6104,1,2.0,502.338
KSGS.372043101363101,2005,37.34495,-101.6104,1,2.0,599.369
KSGS.372043101363101,2006,37.34495,-101.6104,1,2.0,469.646
KSGS.372043101363101,2007,37.34495,-101.6104,1,2.0,552.664
KSGS.372043101363101,2008,37.34495,-101.6104,1,2.0,365.661
KSGS.372043101363101,2009,37.34495,-101.6104,1,2.0,538.224
KSGS.372043101363101,2010,37.34495,-101.6104,1,2.0,557.917
KSGS.372043101363101,2011,37.34495,-101.6104,1,2.0,356.146
KSGS.372043101363101,2012,37.34495,-101.6104,1,2.0,493.179
KSGS.372043101363101,2013,37.34495,-101.6104,1,2.0,498.681
KSGS.372043101363101,2014,37.34495,-101.6104,1,2.0,432.706
KSGS.372043101363101,2015,37.34495,-101.6104,1,2.0,599.275
KSGS.372043101363101,2016,37.34495,-101.6104,1,2.0,556.907
KSGS.372043101363101,2017,37.34495,-101.6104,1,2.0,659.045
KSGS.372043101363101,2018,37.34495,-101.6104,1,2.0,585.233
KSGS.372043101363101,2019,37.34495,-101.6104,1,2.0,533.298
KSGS.372043101363101,2020,37.34495,-101.6104,1,2.1,406.69
KSGS.372043101363101,2021,37.34495,-101.6104,1,2.1,528.142
KSGS.372043101363101,2022,37.34495,-101.6104,1,2.1,311.405
KSGS.372043101363101,2023,37.34495,-101.6104,1,2.1,562.891
KSGS.372043101363101,2024,37.34495,-101.6104,1,2.1,621.146
KSGS.372043101363101,2025,37.34495,-101.6104,1,2.1,864.837
KSGS.372539100142504,2000,37.42949,-100.2434,1,2.0,837.124
KSGS.372539100142504,2001,37.42949,-100.2434,1,2.0,771.825
KSGS.372539100142504,2002,37.42949,-100.2434,1,2.0,826.129
KSGS.372539100142504,2003,37.42949,-100.2434,1,2.0,850.929
KSGS.372539100142504,2004,37.42949,-100.2434,1,2.0,794.363
KSGS.372539100142504,2005,37.42949,-100.2434,1,2.0,874.274
KSGS.372539100142504,2006,37.42949,-100.2434,1,2.0,846.391
KSGS.372539100142504,2007,37.42949,-100.2434,1,2.0,848.227
KSGS.372539100142504,2008,37.42949,-100.2434,1,2.0,871.003
KSGS.372539100142504,2009,37.42949,-100.2434,1,2.0,841.823
KSGS.372539100142504,2010,37.42949,-100.2434,1,2.0,774.517
KSGS.372539100142504,2011,37.42949,-100.2434,1,2.0,757.734
KSGS.372539100142504,2012,37.42949,-100.2434,1,2.0,801.762
KSGS.372539100142504,2013,37.42949,-100.2434,1,2.0,755.693
KSGS.372539100142504,2014,37.42949,-100.2434,1,2.0,774.15
KSGS.372539100142504,2015,37.42949,-100.2434,1,2.0,928.367
KSGS.372539100142504,2016,37.42949,-100.2434,1,2.0,786.719
KSGS.372539100142504,2017,37.42949,-100.2434,1,2.0,832.988
KSGS.372539100142504,2018,37.42949,-100.2434,1,2.0,876.987
KSGS.372539100142504,2019,37.42949,-100.2434,1,2.0,881.512
KSGS.372539100142504,2020,37.42949,-100.2434,1,2.1,895.606
KSGS.372539100142504,2021,37.42949,-100.2434,1,2.1,964.474
KSGS.372539100142504,2022,37.42949,-100.2434,1,2.1,935.53
KSGS.372539100142504,2023,37.42949,-100.2434,1,2.1,797.177
KSGS.372539100142504,2024,37.42949,-100.2434,1,2.1,851.454
KSGS.372539100142504,2025,37.42949,-100.2434,1,2.1,966.462
KSGS.373331098033301,2000,37.56096,-98.058,1,2.0,815.058
KSGS.373331098033301,2001,37.56096,-98.058,1,2.0,733.747
KSGS.373331098033301,2002,37.56096,-98.058,1,2.0,810.19
KSGS.373331098033301,2003,37.56096,-98.058,1,2.0,839.825
KSGS.373331098033301,2004,37.56096,-98.058,1,2.0,852.16
KSGS.373331098033301,2005,37.56096,-98.058,1,2.0,885.136
KSGS.373331098033301,2006,37.56096,-98.058,1,2.0,885.744
KSGS.373331098033301,2007,37.56096,-98.058,1,2.0,844.368
KSGS.373331098033301,2008,37.56096,-98.058,1,2.0,888.12
KSGS.373331098033301,2009,37.56096,-98.058,1,2.0,844.648
KSGS.373331098033301,2010,37.56096,-98.058,1,2.0,852.345
KSGS.373331098033301,2011,37.56096,-98.058,1,2.0,813.187
KSGS.373331098033301,2012,37.56096,-98.058,1,2.0,863.526
KSGS.373331098033301,2013,37.56096,-98.058,1,2.0,941.207
KSGS.373331098033301,2014,37.56096,-98.058,1,2.0,911.339
KSGS.373331098033301,2015,37.56096,-98.058,1,2.0,874.294
KSGS.373331098033301,2016,37.56096,-98.058,1,2.0,956.442
KSGS.373331098033301,2017,37.56096,-98.058,1,2.0,892.372
KSGS.373331098033301,2018,37.56096,-98.058,1,2.0,872.35
KSGS.373331098033301,2019,37.56096,-98.058,1,2.0,797.384
KSGS.373331098033301,2020,37.56096,-98.058,1,2.1,902.808
KSGS.373331098033301,2021,37.56096,-98.058,1,2.1,864.199
KSGS.373331098033301,2022,37.56096,-98.058,1,2.1,978.779
KSGS.373331098033301,2023,37.56096,-98.058,1,2.1,910.84
KSGS.373331098033301,2024,37.56096,-98.058,1,2.1,951.139
KSGS.373331098033301,2025,37.56096,-98.058,1,2.1,897.757
KSGS.373607100565301,2000,37.59874,-100.9497,1,2.0,786.998
KSGS.373607100565301,2001,37.59874,-100.9497,1,2.0,550.935
KSGS.373607100565301,2002,37.59874,-100.9497,1,2.0,598.911
KSGS.373607100565301,2003,37.59874,-100.9497,1,2.0,655.148
KSGS.373607100565301,2004,37.59874,-100.9497,1,2.0,587.481
KSGS.373607100565301,2005,37.59874,-100.9497,1,2.0,704.394
KSGS.373607100565301,2006,37.59874,-100.9497,1,2.0,425.811
KSGS.373607100565301,2007,37.59874,-100.9497,1,2.0,744.738
KSGS.373607100565301,2008,37.59874,-100.9497,1,2.0,493.76
KSGS.373607100565301,2009,37.59874,-100.9497,1,2.0,583.641
KSGS.373607100565301,2010,37.59874,-100.9497,1,2.0,664.186
KSGS.373607100565301,2011,37.59874,-100.9497,1,2.0,347.829
KSGS.373607100565301,2012,37.59874,-100.9497,1,2.0,468.14
KSGS.373607100565301,2013,37.59874,-100.9497,1,2.0,514.308
KSGS.373607100565301,2014,37.59874,-100.9497,1,2.0,549.624
KSGS.373607100565301,2015,37.59874,-100.9497,1,2.0,701.255
KSGS.373607100565301,2016,37.59874,-100.9497,1,2.0,660.272
KSGS.373607100565301,2017,37.59874,-100.9497,1,2.0,744.446
KSGS.373607100565301,2018,37.59874,-100.9497,1,2.0,686.46
KSGS.373607100565301,2019,37.59874,-100.9497,1,2.0,676.159
KSGS.373607100565301,2020,37.59874,-100.9497,1,2.1,797.334
KSGS.373607100565301,2021,37.59874,-100.9497,1,2.1,659.89
KSGS.373607100565301,2022,37.59874,-100.9497,1,2.1,539.623
KSGS.373607100565301,2023,37.59874,-100.9497,1,2.1,857.011
KSGS.373607100565301,2024,37.59874,-100.9497,1,2.1,603.914
KSGS.373607100565301,2025,37.59874,-100.9497,1,2.1,780.116
KSGS.374111099070401,2000,37.68448,-99.11925,1,2.0,822.443
KSGS.374111099070401,2001,37.68448,-99.11925,1,2.0,709.039
KSGS.374111099070401,2002,37.68448,-99.11925,1,2.0,848.656
KSGS.374111099070401,2003,37.68448,-99.11925,1,2.0,764.842
KSGS.374111099070401,2004,37.68448,-99.11925,1,2.0,766.267
KSGS.374111099070401,2005,37.68448,-99.11925,1,2.0,746.483
KSGS.374111099070401,2006,37.68448,-99.11925,1,2.0,765.719
KSGS.374111099070401,2007,37.68448,-99.11925,1,2.0,861.3
KSGS.374111099070401,2008,37.68448,-99.11925,1,2.0,742.904
KSGS.374111099070401,2009,37.68448,-99.11925,1,2.0,748.407
KSGS.374111099070401,2010,37.68448,-99.11925,1,2.0,904.933
KSGS.374111099070401,2011,37.68448,-99.11925,1,2.0,818.962
KSGS.374111099070401,2012,37.68448,-99.11925,1,2.0,844.143
KSGS.374111099070401,2013,37.68448,-99.11925,1,2.0,861.178
KSGS.374111099070401,2014,37.68448,-99.11925,1,2.0,830.726
KSGS.374111099070401,2015,37.68448,-99.11925,1,2.0,720.563
KSGS.374111099070401,2016,37.68448,-99.11925,1,2.0,865.92
KSGS.374111099070401,2017,37.68448,-99.11925,1,2.0,769.844
KSGS.374111099070401,2018,37.68448,-99.11925,1,2.0,846.925
KSGS.374111099070401,2019,37.68448,-99.11925,1,2.0,793.416
KSGS.374111099070401,2020,37.68448,-99.11925,1,2.1,787.575
KSGS.374111099070401,2021,37.68448,-99.11925,1,2.1,858.107
KSGS.374111099070401,2022,37.68448,-99.11925,1,2.1,882.591
KSGS.374111099070401,2023,37.68448,-99.11925,1,2.1,848.084
KSGS.374111099070401,2024,37.68448,-99.11925,1,2.1,890.7
KSGS.374111099070401,2025,37.68448,-99.11925,1,2.1,879.525
KSGS.374125100344101,2000,37.69024,-100.5795,1,2.0,801.18
KSGS.374125100344101,2001,37.69024,-100.5795,1,2.0,775.31
KSGS.374125100344101,2002,37.69024,-100.5795,1,2.0,861.423
KSGS.374125100344101,2003,37.69024,-100.5795,1,2.0,753.081
KSGS.374125100344101,2004,37.69024,-100.5795,1,2.0,713.383
KSGS.374125100344101,2005,37.69024,-100.5795,1,2.0,873.423
KSGS.374125100344101,2006,37.69024,-100.5795,1,2.0,747.433
KSGS.374125100344101,2007,37.69024,-100.5795,1,2.0,831.084
KSGS.374125100344101,2008,37.69024,-100.5795,1,2.0,772.252
KSGS.374125100344101,2009,37.69024,-100.5795,1,2.0,781.743
KSGS.374125100344101,2010,37.69024,-100.5795,1,2.0,758.218
KSGS.374125100344101,2011,37.69024,-100.5795,1,2.0,700.969
KSGS.374125100344101,2012,37.69024,-100.5795,1,2.0,776.992
KSGS.374125100344101,2013,37.69024,-100.5795,1,2.0,734.064
KSGS.374125100344101,2014,37.69024,-100.5795,1,2.0,818.376
KSGS.374125100344101,2015,37.69024,-100.5795,1,2.0,846.509
KSGS.374125100344101,2016,37.69024,-100.5795,1,2.0,861.601
KSGS.374125100344101,2017,37.69024,-100.5795,1,2.0,810.15
KSGS.374125100344101,2018,37.69024,-100.5795,1,2.0,841.025
KSGS.374125100344101,2019,37.69024,-100.5795,1,2.0,793.4
KSGS.374125100344101,2020,37.69024,-100.5795,1,2.1,846.542
KSGS.374125100344101,2021,37.69024,-100.5795,1,2.1,763.503
KSGS.374125100344101,2022,37.69024,-100.5795,1,2.1,697.079
KSGS.374125100344101,2023,37.69024,-100.5795,1,2.1,857.395
KSGS.374125100344101,2024,37.69024,-100.5795,1,2.1,724.355
KSGS.374125100344101,2025,37.69024,-100.5795,1,2.1,842.113
KSGS.374747100552101,2000,37.79492,-100.9225,1,2.0,891.975
KSGS.374747100552101,2001,37.79492,-100.9225,1,2.0,947.784
KSGS.374747100552101,2002,37.79492,-100.9225,1,2.0,937.221
KSGS.374747100552101,2003,37.79492,-100.9225,1,2.0,895.064
KSGS.374747100552101,2004,37.79492,-100.9225,1,2.0,815.99
KSGS.374747100552101,2005,37.79492,-100.9225,1,2.0,906.353
KSGS.374747100552101,2006,37.79492,-100.9225,1,2.0,843.748
KSGS.374747100552101,2007,37.79492,-100.9225,1,2.0,898.026
KSGS.374747100552101,2008,37.79492,-100.9225,1,2.0,903.536
KSGS.374747100552101,2009,37.79492,-100.9225,1,2.0,815.936
KSGS.374747100552101,2010,37.79492,-100.9225,1,2.0,801.866
KSGS.374747100552101,2011,37.79492,-100.9225,1,2.0,865.668
KSGS.374747100552101,2012,37.79492,-100.9225,1,2.0,846.892
KSGS.374747100552101,2013,37.79492,-100.9225,1,2.0,911.986
KSGS.374747100552101,2014,37.79492,-100.9225,1,2.0,922.403
KSGS.374747100552101,2015,37.79492,-100.9225,1,2.0,885.306
KSGS.374747100552101,2016,37.79492,-100.9225,1,2.0,879.075
KSGS.374747100552101,2017,37.79492,-100.9225,1,2.0,906.406
KSGS.374747100552101,2018,37.79492,-100.9225,1,2.0,861.023
KSGS.374747100552101,2019,37.79492,-100.9225,1,2.0,913.179
KSGS.374747100552101,2020,37.79492,-100.9225,1,2.1,952.294
KSGS.374747100552101,2021,37.79492,-100.9225,1,2.1,846.898
KSGS.374747100552101,2022,37.79492,-100.9225,1,2.1,833.087
KSGS.374747100552101,2023,37.79492,-100.9225,1,2.1,788.789
KSGS.374747100552101,2024,37.79492,-100.9225,1,2.1,941.722
KSGS.374747100552101,2025,37.79492,-100.9225,1,2.1,907.547
KSGS.375145100485701,2000,37.86209,-100.8179,1,2.0,958.87
KSGS.375145100485701,2001,37.86209,-100.8179,1,2.0,866.965
KSGS.375145100485701,2002,37.86209,-100.8179,1,2.0,920.726
KSGS.375145100485701,2003,37.86209,-100.8179,1,2.0,905.842
KSGS.375145100485701,2004,37.86209,-100.8179,1,2.0,899.882
KSGS.375145100485701,2005,37.86209,-100.8179,1,2.0,986.934
KSGS.375145100485701,2006,37.86209,-100.8179,1,2.0,666.17
KSGS.375145100485701,2007,37.86209,-100.8179,1,2.0,821.255
KSGS.375145100485701,2008,37.86209,-100.8179,1,2.0,931.655
KSGS.375145100485701,2009,37.86209,-100.8179,1,2.0,861.662
KSGS.375145100485701,2010,37.86209,-100.8179,1,2.0,869.456
KSGS.375145100485701,2011,37.86209,-100.8179,1,2.0,879.569
KSGS.375145100485701,2012,37.86209,-100.8179,1,2.0,880.371
KSGS.375145100485701,2013,37.86209,-100.8179,1,2.0,900.664
KSGS.375145100485701,2014,37.86209,-100.8179,1,2.0,880.105
KSGS.375145100485701,2015,37.86209,-100.8179,1,2.0,945.384
KSGS.375145100485701,2016,37.86209,-100.8179,1,2.0,925.228
KSGS.375145100485701,2017,37.86209,-100.8179,1,2.0,814.041
KSGS.375145100485701,2018,37.86209,-100.8179,1,2.0,965.813
KSGS.375145100485701,2019,37.86209,-100.8179,1,2.0,989.107
KSGS.375145100485701,2020,37.86209,-100.8179,1,2.1,1011.807
KSGS.375145100485701,2021,37.86209,-100.8179,1,2.1,994.585
KSGS.375145100485701,2022,37.86209,-100.8179,1,2.1,772.403
KSGS.375145100485701,2023,37.86209,-100.8179,1,2.1,1019.309
KSGS.375145100485701,2024,37.86209,-100.8179,1,2.1,980.816
KSGS.375145100485701,2025,37.86209,-100.8179,1,2.1,1002.654
KSGS.375454101075401,2000,37.91572,-101.1306,1,2.0,997.393
KSGS.375454101075401,2001,37.91572,-101.1306,1,2.0,1062.967
KSGS.375454101075401,2002,37.91572,-101.1306,1,2.0,1053.628
KSGS.375454101075401,2003,37.91572,-101.1306,1,2.0,1142.03
KSGS.375454101075401,2004,37.91572,-101.1306,1,2.0,931.999
KSGS.375454101075401,2005,37.91572,-101.1306,1,2.0,1075.131
KSGS.375454101075401,2006,37.91572,-101.1306,1,2.0,991.514
KSGS.375454101075401,2007,37.91572,-101.1306,1,2.0,1053.665
KSGS.375454101075401,2008,37.91572,-101.1306,1,2.0,1016.313
KSGS.375454101075401,2009,37.91572,-101.1306,1,2.0,823.065
KSGS.375454101075401,2010,37.91572,-101.1306,1,2.0,888.778
KSGS.375454101075401,2011,37.91572,-101.1306,1,2.0,933.109
KSGS.375454101075401,2012,37.91572,-101.1306,1,2.0,946.974
KSGS.375454101075401,2013,37.91572,-101.1306,1,2.0,1004.16
KSGS.375454101075401,2014,37.91572,-101.1306,1,2.0,1091.873
KSGS.375454101075401,2015,37.91572,-101.1306,1,2.0,972.783
KSGS.375454101075401,2016,37.91572,-101.1306,1,2.0,1036.643
KSGS.375454101075401,2017,37.91572,-101.1306,1,2.0,948.761
KSGS.375454101075401,2018,37.91572,-101.1306,1,2.0,1025.792
KSGS.375454101075401,2019,37.91572,-101.1306,1,2.0,945.94
KSGS.375454101075401,2020,37.91572,-101.1306,1,2.1,1056.572
KSGS.375454101075401,2021,37.91572,-101.1306,1,2.1,1042.167
KSGS.375454101075401,2022,37.91572,-101.1306,1,2.1,1020.479
KSGS.375454101075401,2023,37.91572,-101.1306,1,2.1,1068.758
KSGS.375454101075401,2024,37.91572,-101.1306,1,2.1,1036.591
KSGS.375454101075401,2025,37.91572,-101.1306,1,2.1,1103.739
TWDB.0753701,2000,35.16,-102.4886,1,2.0,600.163
TWDB.0753701,2001,35.16,-102.4886,1,2.0,718.089
TWDB.0753701,2002,35.16,-102.4886,1,2.0,449.587
TWDB.0753701,2003,35.16,-102.4886,1,2.0,599.395
TWDB.0753701,2004,35.16,-102.4886,1,2.0,603.998
TWDB.0753701,2005,35.16,-102.4886,1,2.0,760.009
TWDB.0753701,2006,35.16,-102.4886,1,2.0,578.382
TWDB.0753701,2007,35.16,-102.4886,1,2.0,771.226
TWDB.0753701,2008,35.16,-102.4886,1,2.0,565.231
TWDB.0753701,2009,35.16,-102.4886,1,2.0,657.429
TWDB.0753701,2010,35.16,-102.4886,1,2.0,693.721
TWDB.0753701,2011,35.16,-102.4886,1,2.0,359.813
TWDB.0753701,2012,35.16,-102.4886,1,2.0,417.346
TWDB.0753701,2013,35.16,-102.4886,1,2.0,497.842
TWDB.0753701,2014,35.16,-102.4886,1,2.0,493.39
TWDB.0753701,2015,35.16,-102.4886,1,2.0,899.567
TWDB.0753701,2016,35.16,-102.4886,1,2.0,809.292
TWDB.0753701,2017,35.16,-102.4886,1,2.0,606.733
TWDB.0753701,2018,35.16,-102.4886,1,2.0,621.345
TWDB.0753701,2019,35.16,-102.4886,1,2.0,764.863
TWDB.0753701,2020,35.16,-102.4886,1,2.1,640.429
TWDB.0753701,2021,35.16,-102.4886,1,2.1,710.259
TWDB.0753701,2022,35.16,-102.4886,1,2.1,633.607
TWDB.0753701,2023,35.16,-102.4886,1,2.1,755.917
TWDB.0753701,2024,35.16,-102.4886,1,2.1,740.875
TWDB.0753701,2025,35.16,-102.4886,1,2.1,911.44
TWDB.1005225,2000,34.97,-102.4381,1,2.0,846.7
TWDB.1005225,2001,34.97,-102.4381,1,2.0,792.071
TWDB.1005225,2002,34.97,-102.4381,1,2.0,654.927
TWDB.1005225,2003,34.97,-102.4381,1,2.0,728.249
TWDB.1005225,2004,34.97,-102.4381,1,2.0,835.031
TWDB.1005225,2005,34.97,-102.4381,1,2.0,957.246
TWDB.1005225,2006,34.97,-102.4381,1,2.0,772.28
TWDB.1005225,2007,34.97,-102.4381,1,2.0,911.13
TWDB.1005225,2008,34.97,-102.4381,1,2.0,738.317
TWDB.1005225,2009,34.97,-102.4381,1,2.0,943.026
TWDB.1005225,2010,34.97,-102.4381,1,2.0,808.472
TWDB.1005225,2011,34.97,-102.4381,1,2.0,637.723
TWDB.1005225,2012,34.97,-102.4381,1,2.0,624.888
TWDB.1005225,2013,34.97,-102.4381,1,2.0,842.813
TWDB.1005225,2014,34.97,-102.4381,1,2.0,639.142
TWDB.1005225,2015,34.97,-102.4381,1,2.0,905.785
TWDB.1005225,2016,34.97,-102.4381,1,2.0,832.353
TWDB.1005225,2017,34.97,-102.4381,1,2.0,907.581
TWDB.1005225,2018,34.97,-102.4381,1,2.0,739.179
TWDB.1005225,2019,34.97,-102.4381,1,2.0,980.706
TWDB.1005225,2020,34.97,-102.4381,1,2.1,781.465
TWDB.1005225,2021,34.97,-102.4381,1,2.1,871.938
TWDB.1005225,2022,34.97,-102.4381,1,2.1,892.238
TWDB.1005225,2023,34.97,-102.4381,1,2.1,918.172
TWDB.1005225,2024,34.97,-102.4381,1,2.1,837.913
TWDB.1005225,2025,34.97,-102.4381,1,2.1,941.775
TWDB.1038101,2000,34.46,-102.3522,1,2.0,1065.608
TWDB.1038101,2001,34.46,-102.3522,1,2.0,935.569
TWDB.1038101,2002,34.46,-102.3522,1,2.0,926.707
TWDB.1038101,2003,34.46,-102.3522,1,2.0,1016.589
TWDB.1038101,2004,34.46,-102.3522,1,2.0,950.244
TWDB.1038101,2005,34.46,-102.3522,1,2.0,1036.831
TWDB.1038101,2006,34.46,-102.3522,1,2.0,913.485
TWDB.1038101,2007,34.46,-102.3522,1,2.0,965.173
TWDB.1038101,2008,34.46,-102.3522,1,2.0,881.763
TWDB.1038101,2009,34.46,-102.3522,1,2.0,985.341
TWDB.1038101,2010,34.46,-102.3522,1,2.0,950.261
TWDB.1038101,2011,34.46,-102.3522,1,2.0,854.663
TWDB.1038101,2012,34.46,-102.3522,1,2.0,1023.338
TWDB.1038101,2013,34.46,-102.3522,1,2.0,987.841
TWDB.1038101,2014,34.46,-102.3522,1,2.0,919.287
TWDB.1038101,2015,34.46,-102.3522,1,2.0,981.687
TWDB.1038101,2016,34.46,-102.3522,1,2.0,998.578
TWDB.1038101,2017,34.46,-102.3522,1,2.0,1036.093
TWDB.1038101,2018,34.46,-102.3522,1,2.0,824.492
TWDB.1038101,2019,34.46,-102.3522,1,2.0,866.827
TWDB.1038101,2020,34.46,-102.3522,1,2.1,961.769
TWDB.1038101,2021,34.46,-102.3522,1,2.1,793.469
TWDB.1038101,2022,34.46,-102.3522,1,2.1,836.79
TWDB.1038101,2023,34.46,-102.3522,1,2.1,973.077
TWDB.1038101,2024,34.46,-102.3522,1,2.1,855.488
TWDB.1038101,2025,34.46,-102.3522,1,2.1,713.134
TWDB.1039702,2000,34.38,-102.2336,1,2.0,908.445
TWDB.1039702,2001,34.38,-102.2336,1,2.0,795.235
TWDB.1039702,2002,34.38,-102.2336,1,2.0,690.452
TWDB.1039702,2003,34.38,-102.2336,1,2.0,901.31
TWDB.1039702,2004,34.38,-102.2336,1,2.0,914.871
TWDB.1039702,2005,34.38,-102.2336,1,2.0,903.059
TWDB.1039702,2006,34.38,-102.2336,1,2.0,831.092
TWDB.1039702,2007,34.38,-102.2336,1,2.0,833.478
TWDB.1039702,2008,34.38,-102.2336,1,2.0,826.96
TWDB.1039702,2009,34.38,-102.2336,1,2.0,946.378
TWDB.1039702,2010,34.38,-102.2336,1,2.0,882.639
TWDB.1039702,2011,34.38,-102.2336,1,2.0,859.209
TWDB.1039702,2012,34.38,-102.2336,1,2.0,931.233
TWDB.1039702,2013,34.38,-102.2336,1,2.0,900.083
TWDB.1039702,2014,34.38,-102.2336,1,2.0,880.891
TWDB.1039702,2015,34.38,-102.2336,1,2.0,917.006
TWDB.1039702,2016,34.38,-102.2336,1,2.0,961.487
TWDB.1039702,2017,34.38,-102.2336,1,2.0,935.258
TWDB.1039702,2018,34.38,-102.2336,1,2.0,946.345
TWDB.1039702,2019,34.38,-102.2336,1,2.0,940.305
TWDB.1039702,2020,34.38,-102.2336,1,2.1,833.685
TWDB.1039702,2021,34.38,-102.2336,1,2.1,1026.898
TWDB.1039702,2022,34.38,-102.2336,1,2.1,863.79
TWDB.1039702,2023,34.38,-102.2336,1,2.1,1016.421
TWDB.1039702,2024,34.38,-102.2336,1,2.1,957.452
TWDB.1039702,2025,34.38,-102.2336,1,2.1,1012.292
TWDB.1157901,2000,34.03,-101.9056,1,2.0,874.012
TWDB.1157901,2001,34.03,-101.9056,1,2.0,786.407
TWDB.1157901,2002,34.03,-101.9056,1,2.0,898.755
TWDB.1157901,2003,34.03,-101.9056,1,2.0,881.593
TWDB.1157901,2004,34.03,-101.9056,1,2.0,943.388
TWDB.1157901,2005,34.03,-101.9056,1,2.0,939.794
TWDB.1157901,2006,34.03,-101.9056,1,2.0,864.649
TWDB.1157901,2007,34.03,-101.9056,1,2.0,909.805
TWDB.1157901,2008,34.03,-101.9056,1,2.0,842.9
TWDB.1157901,2009,34.03,-101.9056,1,2.0,883.921
TWDB.1157901,2010,34.03,-101.9056,1,2.0,958.921
TWDB.1157901,2011,34.03,-101.9056,1,2.0,772.337
TWDB.1157901,2012,34.03,-101.9056,1,2.0,828.994
TWDB.1157901,2013,34.03,-101.9056,1,2.0,908.611
TWDB.1157901,2014,34.03,-101.9056,1,2.0,770.788
TWDB.1157901,2015,34.03,-101.9056,1,2.0,829.226
TWDB.1157901,2016,34.03,-101.9056,1,2.0,875.365
TWDB.1157901,2017,34.03,-101.9056,1,2.0,810.982
TWDB.1157901,2018,34.03,-101.9056,1,2.0,686.386
TWDB.1157901,2019,34.03,-101.9056,1,2.0,889.205
TWDB.1157901,2020,34.03,-101.9056,1,2.1,831.72
TWDB.1157901,2021,34.03,-101.9056,1,2.1,924.655
TWDB.1157901,2022,34.03,-101.9056,1,2.1,907.374
TWDB.1157901,2023,34.03,-101.9056,1,2.1,966.243
TWDB.1157901,2024,34.03,-101.9056,1,2.1,926.349
TWDB.1157901,2025,34.03,-101.9056,1,2.1,902.177
TWDB.2409103,2000,33.8575,-102.9786,1,2.0,563.178
TWDB.2409103,2001,33.8575,-102.9786,1,2.0,547.442
TWDB.2409103,2002,33.8575,-102.9786,1,2.0,506.059
TWDB.2409103,2003,33.8575,-102.9786,1,2.0,419.364
TWDB.2409103,2004,33.8575,-102.9786,1,2.0,568.492
TWDB.2409103,2005,33.8575,-102.9786,1,2.0,564.574
TWDB.2409103,2006,33.8575,-102.9786,1,2.0,444.787
TWDB.2409103,2007,33.8575,-102.9786,1,2.0,571.228
TWDB.2409103,2008,33.8575,-102.9786,1,2.0,494.619
TWDB.2409103,2009,33.8575,-102.9786,1,2.0,592.021
TWDB.2409103,2010,33.8575,-102.9786,1,2.0,587.265
TWDB.2409103,2011,33.8575,-102.9786,1,2.0,425.131
TWDB.2409103,2012,33.8575,-102.9786,1,2.0,259.959
TWDB.2409103,2013,33.8575,-102.9786,1,2.0,495.529
TWDB.2409103,2014,33.8575,-102.9786,1,2.0,544.839
TWDB.2409103,2015,33.8575,-102.9786,1,2.0,715.152
TWDB.2409103,2016,33.8575,-102.9786,1,2.0,596.737
TWDB.2409103,2017,33.8575,-102.9786,1,2.0,774.819
TWDB.2409103,2018,33.8575,-102.9786,1,2.0,653.017
TWDB.2409103,2019,33.8575,-102.9786,1,2.0,703.307
TWDB.2409103,2020,33.8575,-102.9786,1,2.1,493.283
TWDB.2409103,2021,33.8575,-102.9786,1,2.1,572.514
TWDB.2409103,2022,33.8575,-102.9786,1,2.1,536.863
TWDB.2409103,2023,33.8575,-102.9786,1,2.1,527.887
TWDB.2409103,2024,33.8575,-102.9786,1,2.1,663.494
TWDB.2409103,2025,33.8575,-102.9786,1,2.1,669.409
TWDB.2409801,2000,33.76,-102.9564,1,2.0,415.782
TWDB.2409801,2001,33.76,-102.9564,1,2.0,478.526
TWDB.2409801,2002,33.76,-102.9564,1,2.0,460.902
TWDB.2409801,2003,33.76,-102.9564,1,2.0,333.647
TWDB.2409801,2004,33.76,-102.9564,1,2.0,495.586
TWDB.2409801,2005,33.76,-102.9564,1,2.0,431.119
TWDB.2409801,2006,33.76,-102.9564,1,2.0,349.396
TWDB.2409801,2007,33.76,-102.9564,1,2.0,420.325
TWDB.2409801,2008,33.76,-102.9564,1,2.0,410.762
TWDB.2409801,2009,33.76,-102.9564,1,2.0,610.561
TWDB.2409801,2010,33.76,-102.9564,1,2.0,607.355
TWDB.2409801,2011,33.76,-102.9564,1,2.0,439.726
TWDB.2409801,2012,33.76,-102.9564,1,2.0,379.131
TWDB.2409801,2013,33.76,-102.9564,1,2.0,653.69
TWDB.2409801,2014,33.76,-102.9564,1,2.0,560.167
TWDB.2409801,2015,33.76,-102.9564,1,2.0,683.289
TWDB.2409801,2016,33.76,-102.9564,1,2.0,573.767
TWDB.2409801,2017,33.76,-102.9564,1,2.0,679.987
TWDB.2409801,2018,33.76,-102.9564,1,2.0,512.241
TWDB.2409801,2019,33.76,-102.9564,1,2.0,641.165
TWDB.2409801,2020,33.76,-102.9564,1,2.1,526.839
TWDB.2409801,2021,33.76,-102.9564,1,2.1,717.609
TWDB.2409801,2022,33.76,-102.9564,1,2.1,574.081
TWDB.2409801,2023,33.76,-102.9564,1,2.1,607.812
TWDB.2409801,2024,33.76,-102.9564,1,2.1,614.07
TWDB.2409801,2025,33.76,-102.9564,1,2.1,571.315
TWDB.2423701,2000,33.65222,-102.2278,1,2.0,631.308
TWDB.2423701,2001,33.65222,-102.2278,1,2.0,606.592
TWDB.2423701,2002,33.65222,-102.2278,1,2.0,534.404
TWDB.2423701,2003,33.65222,-102.2278,1,2.0,415.326
TWDB.2423701,2004,33.65222,-102.2278,1,2.0,694.87
TWDB.2423701,2005,33.65222,-102.2278,1,2.0,717.67
TWDB.2423701,2006,33.65222,-102.2278,1,2.0,628.641
TWDB.2423701,2007,33.65222,-102.2278,1,2.0,788.287
TWDB.2423701,2008,33.65222,-102.2278,1,2.0,643.802
TWDB.2423701,2009,33.65222,-102.2278,1,2.0,697.291
TWDB.2423701,2010,33.65222,-102.2278,1,2.0,656.43
TWDB.2423701,2011,33.65222,-102.2278,1,2.0,435.496
TWDB.2423701,2012,33.65222,-102.2278,1,2.0,486.423
TWDB.2423701,2013,33.65222,-102.2278,1,2.0,555.072
TWDB.2423701,2014,33.65222,-102.2278,1,2.0,653.557
TWDB.2423701,2015,33.65222,-102.2278,1,2.0,779.099
TWDB.2423701,2016,33.65222,-102.2278,1,2.0,723.987
TWDB.2423701,2017,33.65222,-102.2278,1,2.0,757.006
TWDB.2423701,2018,33.65222,-102.2278,1,2.0,557.682
TWDB.2423701,2019,33.65222,-102.2278,1,2.0,756.333
TWDB.2423701,2020,33.65222,-102.2278,1,2.1,525.322
TWDB.2423701,2021,33.65222,-102.2278,1,2.1,612.132
TWDB.2423701,2022,33.65222,-102.2278,1,2.1,589.269
TWDB.2423701,2023,33.65222,-102.2278,1,2.1,711.603
TWDB.2423701,2024,33.65222,-102.2278,1,2.1,641.293
TWDB.2423701,2025,33.65222,-102.2278,1,2.1,676.666
TWDB.2453902,2000,33.13833,-102.3808,1,2.0,865.522
TWDB.2453902,2001,33.13833,-102.3808,1,2.0,700.608
TWDB.2453902,2002,33.13833,-102.3808,1,2.0,705.253
TWDB.2453902,2003,33.13833,-102.3808,1,2.0,728.802
TWDB.2453902,2004,33.13833,-102.3808,1,2.0,838.851
TWDB.2453902,2005,33.13833,-102.3808,1,2.0,807.972
TWDB.2453902,2006,33.13833,-102.3808,1,2.0,685.639
TWDB.2453902,2007,33.13833,-102.3808,1,2.0,815.208
TWDB.2453902,2008,33.13833,-102.3808,1,2.0,808.456
TWDB.2453902,2009,33.13833,-102.3808,1,2.0,790.027
TWDB.2453902,2010,33.13833,-102.3808,1,2.0,799.198
TWDB.2453902,2011,33.13833,-102.3808,1,2.0,578.631
TWDB.2453902,2012,33.13833,-102.3808,1,2.0,728.923
TWDB.2453902,2013,33.13833,-102.3808,1,2.0,706.763
TWDB.2453902,2014,33.13833,-102.3808,1,2.0,574.169
TWDB.2453902,2015,33.13833,-102.3808,1,2.0,790.403
TWDB.2453902,2016,33.13833,-102.3808,1,2.0,761.584
TWDB.2453902,2017,33.13833,-102.3808,1,2.0,776.772
TWDB.2453902,2018,33.13833,-102.3808,1,2.0,630.738
TWDB.2453902,2019,33.13833,-102.3808,1,2.0,770.21
TWDB.2453902,2020,33.13833,-102.3808,1,2.1,499.269
TWDB.2453902,2021,33.13833,-102.3808,1,2.1,769.637
TWDB.2453902,2022,33.13833,-102.3808,1,2.1,629.077
TWDB.2453902,2023,33.13833,-102.3808,1,2.1,821.657
TWDB.2453902,2024,33.13833,-102.3808,1,2.1,775.206
TWDB.2453902,2025,33.13833,-102.3808,1,2.1,807.95
UNLCSD.423037099353801,2000,42.51028,-99.59429,1,2.0,632.908
UNLCSD.423037099353801,2001,42.51028,-99.59429,1,2.0,661.24
UNLCSD.423037099353801,2002,42.51028,-99.59429,1,2.0,653.669
UNLCSD.423037099353801,2003,42.51028,-99.59429,1,2.0,722.353
UNLCSD.423037099353801,2004,42.51028,-99.59429,1,2.0,600.42
UNLCSD.423037099353801,2005,42.51028,-99.59429,1,2.0,678.059
UNLCSD.423037099353801,2006,42.51028,-99.59429,1,2.0,683.735
UNLCSD.423037099353801,2007,42.51028,-99.59429,1,2.0,702.368
UNLCSD.423037099353801,2008,42.51028,-99.59429,1,2.0,550.264
UNLCSD.423037099353801,2009,42.51028,-99.59429,1,2.0,618.353
UNLCSD.423037099353801,2010,42.51028,-99.59429,1,2.0,635.733
UNLCSD.423037099353801,2011,42.51028,-99.59429,1,2.0,699.188
UNLCSD.423037099353801,2012,42.51028,-99.59429,1,2.0,825.968
UNLCSD.423037099353801,2013,42.51028,-99.59429,1,2.0,707.06
UNLCSD.423037099353801,2014,42.51028,-99.59429,1,2.0,703.734
UNLCSD.423037099353801,2015,42.51028,-99.59429,1,2.0,659.466
UNLCSD.423037099353801,2016,42.51028,-99.59429,1,2.0,740.636
UNLCSD.423037099353801,2017,42.51028,-99.59429,1,2.0,652.735
UNLCSD.423037099353801,2018,42.51028,-99.59429,1,2.0,705.981
UNLCSD.423037099353801,2019,42.51028,-99.59429,1,2.0,580.597
UNLCSD.423037099353801,2020,42.51028,-99.59429,1,2.1,747.425
UNLCSD.423037099353801,2021,42.51028,-99.59429,1,2.1,707.193
UNLCSD.423037099353801,2022,42.51028,-99.59429,1,2.1,738.33
UNLCSD.423037099353801,2023,42.51028,-99.59429,1,2.1,717.376
UNLCSD.423037099353801,2024,42.51028,-99.59429,1,2.1,724.801
UNLCSD.423037099353801,2025,42.51028,-99.59429,1,2.1,695.533
USGS.335258091152301,2000,33.88238,-91.25823,1,2.0,827.87
USGS.335258091152301,2001,33.88238,-91.25823,1,2.0,764.423
USGS.335258091152301,2002,33.88238,-91.25823,1,2.0,761.731
USGS.335258091152301,2003,33.88238,-91.25823,1,2.0,829.017
USGS.335258091152301,2004,33.88238,-91.25823,1,2.0,821.397
USGS.335258091152301,2005,33.88238,-91.25823,1,2.0,821.323
USGS.335258091152301,2006,33.88238,-91.25823,1,2.0,769.773
USGS.335258091152301,2007,33.88238,-91.25823,1,2.0,844.766
USGS.335258091152301,2008,33.88238,-91.25823,1,2.0,870.795
USGS.335258091152301,2009,33.88238,-91.25823,1,2.0,875.059
USGS.335258091152301,2010,33.88238,-91.25823,1,2.0,851.8
USGS.335258091152301,2011,33.88238,-91.25823,1,2.0,983.678
USGS.335258091152301,2012,33.88238,-91.25823,1,2.0,940.407
USGS.335258091152301,2013,33.88238,-91.25823,1,2.0,896.818
USGS.335258091152301,2014,33.88238,-91.25823,1,2.0,855.924
USGS.335258091152301,2015,33.88238,-91.25823,1,2.0,811.944
USGS.335258091152301,2016,33.88238,-91.25823,1,2.0,883.751
USGS.335258091152301,2017,33.88238,-91.25823,1,2.0,823.628
USGS.335258091152301,2018,33.88238,-91.25823,1,2.0,879.854
USGS.335258091152301,2019,33.88238,-91.25823,1,2.0,864.481
USGS.335258091152301,2020,33.88238,-91.25823,1,2.1,850.87
USGS.335258091152301,2021,33.88238,-91.25823,1,2.1,849.209
USGS.335258091152301,2022,33.88238,-91.25823,1,2.1,906.143
USGS.335258091152301,2023,33.88238,-91.25823,1,2.1,868.286
USGS.335258091152301,2024,33.88238,-91.25823,1,2.1,878.89
USGS.335258091152301,2025,33.88238,-91.25823,1,2.1,862.644
USGS.340440091231201,2000,34.07647,-91.3878,1,2.0,943.77
USGS.340440091231201,2001,34.07647,-91.3878,1,2.0,793.926
USGS.340440091231201,2002,34.07647,-91.3878,1,2.0,781.779
USGS.340440091231201,2003,34.07647,-91.3878,1,2.0,885.131
USGS.340440091231201,2004,34.07647,-91.3878,1,2.0,878.029
USGS.340440091231201,2005,34.07647,-91.3878,1,2.0,812.608
USGS.340440091231201,2006,34.07647,-91.3878,1,2.0,842.113
USGS.340440091231201,2007,34.07647,-91.3878,1,2.0,843.194
USGS.340440091231201,2008,34.07647,-91.3878,1,2.0,813.333
USGS.340440091231201,2009,34.07647,-91.3878,1,2.0,824.952
USGS.340440091231201,2010,34.07647,-91.3878,1,2.0,767.517
USGS.340440091231201,2011,34.07647,-91.3878,1,2.0,829.438
USGS.340440091231201,2012,34.07647,-91.3878,1,2.0,836.755
USGS.340440091231201,2013,34.07647,-91.3878,1,2.0,871.114
USGS.340440091231201,2014,34.07647,-91.3878,1,2.0,802.75
USGS.340440091231201,2015,34.07647,-91.3878,1,2.0,871.768
USGS.340440091231201,2016,34.07647,-91.3878,1,2.0,822.934
USGS.340440091231201,2017,34.07647,-91.3878,1,2.0,856.629
USGS.340440091231201,2018,34.07647,-91.3878,1,2.0,748.218
USGS.340440091231201,2019,34.07647,-91.3878,1,2.0,890.735
USGS.340440091231201,2020,34.07647,-91.3878,1,2.1,849.509
USGS.340440091231201,2021,34.07647,-91.3878,1,2.1,853.844
USGS.340440091231201,2022,34.07647,-91.3878,1,2.1,906.267
USGS.340440091231201,2023,34.07647,-91.3878,1,2.1,962.779
USGS.340440091231201,2024,34.07647,-91.3878,1,2.1,870.438
USGS.340440091231201,2025,34.07647,-91.3878,1,2.1,944.678
USGS.342649091251916,2000,34.46473,-91.42094,1,2.0,667.441
USGS.342649091251916,2001,34.46473,-91.42094,1,2.0,664.533
USGS.342649091251916,2002,34.46473,-91.42094,1,2.0,710.347
USGS.342649091251916,2003,34.46473,-91.42094,1,2.0,702.887
USGS.342649091251916,2004,34.46473,-91.42094,1,2.0,709.59
USGS.342649091251916,2005,34.46473,-91.42094,1,2.0,702.912
USGS.342649091251916,2006,34.46473,-91.42094,1,2.0,779.434
USGS.342649091251916,2007,34.46473,-91.42094,1,2.0,767.846
USGS.342649091251916,2008,34.46473,-91.42094,1,2.0,788.751
USGS.342649091251916,2009,34.46473,-91.42094,1,2.0,742.533
USGS.342649091251916,2010,34.46473,-91.42094,1,2.0,752.16
USGS.342649091251916,2011,34.46473,-91.42094,1,2.0,648.441
USGS.342649091251916,2012,34.46473,-91.42094,1,2.0,733.205
USGS.342649091251916,2013,34.46473,-91.42094,1,2.0,771.399
USGS.342649091251916,2014,34.46473,-91.42094,1,2.0,738.156
USGS.342649091251916,2015,34.46473,-91.42094,1,2.0,671.482
USGS.342649091251916,2016,34.46473,-91.42094,1,2.0,758.763
USGS.342649091251916,2017,34.46473,-91.42094,1,2.0,783.087
USGS.342649091251916,2018,34.46473,-91.42094,1,2.0,785.429
USGS.342649091251916,2019,34.46473,-91.42094,1,2.0,802.765
USGS.342649091251916,2020,34.46473,-91.42094,1,2.1,767.212
USGS.342649091251916,2021,34.46473,-91.42094,1,2.1,769.956
USGS.342649091251916,2022,34.46473,-91.42094,1,2.1,814.433
USGS.342649091251916,2023,34.46473,-91.42094,1,2.1,839.661
USGS.342649091251916,2024,34.46473,-91.42094,1,2.1,813.305
USGS.342649091251916,2025,34.46473,-91.42094,1,2.1,826.222
USGS.345519091505401,2000,34.92182,-91.8482,1,2.0,935.42
USGS.345519091505401,2001,34.92182,-91.8482,1,2.0,873.347
USGS.345519091505401,2002,34.92182,-91.8482,1,2.0,927.672
USGS.345519091505401,2003,34.92182,-91.8482,1,2.0,939.405
USGS.345519091505401,2004,34.92182,-91.8482,1,2.0,916.859
USGS.345519091505401,2005,34.92182,-91.8482,1,2.0,956.391
USGS.345519091505401,2006,34.92182,-91.8482,1,2.0,941.915
USGS.345519091505401,2007,34.92182,-91.8482,1,2.0,927.928
USGS.345519091505401,2008,34.92182,-91.8482,1,2.0,926.588
USGS.345519091505401,2009,34.92182,-91.8482,1,2.0,893.858
USGS.345519091505401,2010,34.92182,-91.8482,1,2.0,922.589
USGS.345519091505401,2011,34.92182,-91.8482,1,2.0,996.317
USGS.345519091505401,2012,34.92182,-91.8482,1,2.0,845.19
USGS.345519091505401,2013,34.92182,-91.8482,1,2.0,931.031
USGS.345519091505401,2014,34.92182,-91.8482,1,2.0,889.489
USGS.345519091505401,2015,34.92182,-91.8482,1,2.0,948.557
USGS.345519091505401,2016,34.92182,-91.8482,1,2.0,963.034
USGS.345519091505401,2017,34.92182,-91.8482,1,2.0,915.423
USGS.345519091505401,2018,34.92182,-91.8482,1,2.0,874.752
USGS.345519091505401,2019,34.92182,-91.8482,1,2.0,897.776
USGS.345519091505401,2020,34.92182,-91.8482,1,2.1,895.809
USGS.345519091505401,2021,34.92182,-91.8482,1,2.1,903.868
USGS.345519091505401,2022,34.92182,-91.8482,1,2.1,886.886
USGS.345519091505401,2023,34.92182,-91.8482,1,2.1,975.386
USGS.345519091505401,2024,34.92182,-91.8482,1,2.1,988.155
USGS.345519091505401,2025,34.92182,-91.8482,1,2.1,1002.421
USGS.350029090265801,2000,35.0071,-90.44913,1,2.0,863.175
USGS.350029090265801,2001,35.0071,-90.44913,1,2.0,890.576
USGS.350029090265801,2002,35.0071,-90.44913,1,2.0,755.126
USGS.350029090265801,2003,35.0071,-90.44913,1,2.0,754.924
USGS.350029090265801,2004,35.0071,-90.44913,1,2.0,686.351
USGS.350029090265801,2005,35.0071,-90.44913,1,2.0,888.544
USGS.350029090265801,2006,35.0071,-90.44913,1,2.0,917.633
USGS.350029090265801,2007,35.0071,-90.44913,1,2.0,886.255
USGS.350029090265801,2008,35.0071,-90.44913,1,2.0,892.088
USGS.350029090265801,2009,35.0071,-90.44913,1,2.0,781.727
USGS.350029090265801,2010,35.0071,-90.44913,1,2.0,841.065
USGS.350029090265801,2011,35.0071,-90.44913,1,2.0,981.495
USGS.350029090265801,2012,35.0071,-90.44913,1,2.0,892.419
USGS.350029090265801,2013,35.0071,-90.44913,1,2.0,827.871
USGS.350029090265801,2014,35.0071,-90.44913,1,2.0,865.609
USGS.350029090265801,2015,35.0071,-90.44913,1,2.0,758.013
USGS.350029090265801,2016,35.0071,-90.44913,1,2.0,870.029
USGS.350029090265801,2017,35.0071,-90.44913,1,2.0,833.314
USGS.350029090265801,2018,35.0071,-90.44913,1,2.0,885.657
USGS.350029090265801,2019,35.0071,-90.44913,1,2.0,900.35
USGS.350029090265801,2020,35.0071,-90.44913,1,2.1,781.682
USGS.350029090265801,2021,35.0071,-90.44913,1,2.1,784.297
USGS.350029090265801,2022,35.0071,-90.44913,1,2.1,869.697
USGS.350029090265801,2023,35.0071,-90.44913,1,2.1,880.44
USGS.350029090265801,2024,35.0071,-90.44913,1,2.1,858.898
USGS.350029090265801,2025,35.0071,-90.44913,1,2.1,858.783
USGS.373644113411501,2000,37.6122,-113.6883,1,2.0,979.702
USGS.373644113411501,2001,37.6122,-113.6883,1,2.0,1090.968
USGS.373644113411501,2002,37.6122,-113.6883,1,2.0,1151.808
USGS.373644113411501,2003,37.6122,-113.6883,1,2.0,1033.448
USGS.373644113411501,2004,37.6122,-113.6883,1,2.0,1108.227
USGS.373644113411501,2005,37.6122,-113.6883,1,2.0,1135.773
USGS.373644113411501,2006,37.6122,-113.6883,1,2.0,1073.45
USGS.373644113411501,2007,37.6122,-113.6883,1,2.0,1165.193
USGS.373644113411501,2008,37.6122,-113.6883,1,2.0,907.367
USGS.373644113411501,2009,37.6122,-113.6883,1,2.0,1023.848
USGS.373644113411501,2010,37.6122,-113.6883,1,2.0,1095.639
USGS.373644113411501,2011,37.6122,-113.6883,1,2.0,1089.282
USGS.373644113411501,2012,37.6122,-113.6883,1,2.0,1193.316
USGS.373644113411501,2013,37.6122,-113.6883,1,2.0,987.749
USGS.373644113411501,2014,37.6122,-113.6883,1,2.0,1179.698
USGS.373644113411501,2015,37.6122,-113.6883,1,2.0,1060.347
USGS.373644113411501,2016,37.6122,-113.6883,1,2.0,1114.635
USGS.373644113411501,2017,37.6122,-113.6883,1,2.0,1065.457
USGS.373644113411501,2018,37.6122,-113.6883,1,2.0,1102.042
USGS.373644113411501,2019,37.6122,-113.6883,1,2.0,1070.487
USGS.373644113411501,2020,37.6122,-113.6883,1,2.1,1098.832
USGS.373644113411501,2021,37.6122,-113.6883,1,2.1,1010.832
USGS.373644113411501,2022,37.6122,-113.6883,1,2.1,1117.08
USGS.373644113411501,2023,37.6122,-113.6883,1,2.1,1099.16
USGS.373644113411501,2024,37.6122,-113.6883,1,2.1,1092.593
USGS.373644113411501,2025,37.6122,-113.6883,1,2.1,1177.29
USGS.381901113014102,2000,38.31691,-113.0288,1,2.0,1082.29
USGS.381901113014102,2001,38.31691,-113.0288,1,2.0,1111.54
USGS.381901113014102,2002,38.31691,-113.0288,1,2.0,1071.401
USGS.381901113014102,2003,38.31691,-113.0288,1,2.0,1096.534
USGS.381901113014102,2004,38.31691,-113.0288,1,2.0,868.574
USGS.381901113014102,2005,38.31691,-113.0288,1,2.0,860.521
USGS.381901113014102,2006,38.31691,-113.0288,1,2.0,974.326
USGS.381901113014102,2007,38.31691,-113.0288,1,2.0,1038.277
USGS.381901113014102,2008,38.31691,-113.0288,1,2.0,992.553
USGS.381901113014102,2009,38.31691,-113.0288,1,2.0,983.383
USGS.381901113014102,2010,38.31691,-113.0288,1,2.0,1019.104
USGS.381901113014102,2011,38.31691,-113.0288,1,2.0,1066.363
USGS.381901113014102,2012,38.31691,-113.0288,1,2.0,1121.609
USGS.381901113014102,2013,38.31691,-113.0288,1,2.0,967.747
USGS.381901113014102,2014,38.31691,-113.0288,1,2.0,1078.082
USGS.381901113014102,2015,38.31691,-113.0288,1,2.0,1022.808
USGS.381901113014102,2016,38.31691,-113.0288,1,2.0,996.684
USGS.381901113014102,2017,38.31691,-113.0288,1,2.0,1041.306
USGS.381901113014102,2018,38.31691,-113.0288,1,2.0,1128.6
USGS.381901113014102,2019,38.31691,-113.0288,1,2.0,1034.991
USGS.381901113014102,2020,38.31691,-113.0288,1,2.1,1131.04
USGS.381901113014102,2021,38.31691,-113.0288,1,2.1,1084.029
USGS.381901113014102,2022,38.31691,-113.0288,1,2.1,1042.379
USGS.381901113014102,2023,38.31691,-113.0288,1,2.1,1080.078
USGS.381901113014102,2024,38.31691,-113.0288,1,2.1,1098.277
USGS.381901113014102,2025,38.31691,-113.0288,1,2.1,1039.864
USGS.383921112175901,2000,38.65806,-112.1672,1,2.0,476.728
USGS.383921112175901,2001,38.65806,-112.1672,1,2.0,526.509
USGS.383921112175901,2002,38.65806,-112.1672,1,2.0,472.006
USGS.383921112175901,2003,38.65806,-112.1672,1,2.0,519.455
USGS.383921112175901,2004,38.65806,-112.1672,1,2.0,540.911
USGS.383921112175901,2005,38.65806,-112.1672,1,2.0,573.322
USGS.383921112175901,2006,38.65806,-112.1672,1,2.0,551.374
USGS.383921112175901,2007,38.65806,-112.1672,1,2.0,527.366
USGS.383921112175901,2008,38.65806,-112.1672,1,2.0,507.133
USGS.383921112175901,2009,38.65806,-112.1672,1,2.0,559.459
USGS.383921112175901,2010,38.65806,-112.1672,1,2.0,561.951
USGS.383921112175901,2011,38.65806,-112.1672,1,2.0,617.308
USGS.383921112175901,2012,38.65806,-112.1672,1,2.0,559.808
USGS.383921112175901,2013,38.65806,-112.1672,1,2.0,502.363
USGS.383921112175901,2014,38.65806,-112.1672,1,2.0,502.625
USGS.383921112175901,2015,38.65806,-112.1672,1,2.0,480.339
USGS.383921112175901,2016,38.65806,-112.1672,1,2.0,480.565
USGS.383921112175901,2017,38.65806,-112.1672,1,2.0,494.785
USGS.383921112175901,2018,38.65806,-112.1672,1,2.0,370.05
USGS.383921112175901,2019,38.65806,-112.1672,1,2.0,439.088
USGS.383921112175901,2020,38.65806,-112.1672,1,2.1,334.313
USGS.383921112175901,2021,38.65806,-112.1672,1,2.1,372.572
USGS.383921112175901,2022,38.65806,-112.1672,1,2.1,403.586
USGS.383921112175901,2023,38.65806,-112.1672,1,2.1,469.439
USGS.383921112175901,2024,38.65806,-112.1672,1,2.1,415.511
USGS.383921112175901,2025,38.65806,-112.1672,1,2.1,366.205
USGS.390819111530701,2000,39.13857,-111.886,1,2.0,1071.139
USGS.390819111530701,2001,39.13857,-111.886,1,2.0,1049.334
USGS.390819111530701,2002,39.13857,-111.886,1,2.0,1064.02
USGS.390819111530701,2003,39.13857,-111.886,1,2.0,1059.779
USGS.390819111530701,2004,39.13857,-111.886,1,2.0,1030.242
USGS.390819111530701,2005,39.13857,-111.886,1,2.0,987.271
USGS.390819111530701,2006,39.13857,-111.886,1,2.0,964.636
USGS.390819111530701,2007,39.13857,-111.886,1,2.0,1052.531
USGS.390819111530701,2008,39.13857,-111.886,1,2.0,931.373
USGS.390819111530701,2009,39.13857,-111.886,1,2.0,992.015
USGS.390819111530701,2010,39.13857,-111.886,1,2.0,984.043
USGS.390819111530701,2011,39.13857,-111.886,1,2.0,963.211
USGS.390819111530701,2012,39.13857,-111.886,1,2.0,989.043
USGS.390819111530701,2013,39.13857,-111.886,1,2.0,903.506
USGS.390819111530701,2014,39.13857,-111.886,1,2.0,959.327
USGS.390819111530701,2015,39.13857,-111.886,1,2.0,975.838
USGS.390819111530701,2016,39.13857,-111.886,1,2.0,1059.017
USGS.390819111530701,2017,39.13857,-111.886,1,2.0,980.862
USGS.390819111530701,2018,39.13857,-111.886,1,2.0,952.739
USGS.390819111530701,2019,39.13857,-111.886,1,2.0,988.469
USGS.390819111530701,2020,39.13857,-111.886,1,2.1,1134.639
USGS.390819111530701,2021,39.13857,-111.886,1,2.1,1034.289
USGS.390819111530701,2022,39.13857,-111.886,1,2.1,1000.268
USGS.390819111530701,2023,39.13857,-111.886,1,2.1,976.825
USGS.390819111530701,2024,39.13857,-111.886,1,2.1,1052.198
USGS.390819111530701,2025,39.13857,-111.886,1,2.1,1051.136
USGS.392601112412201,2000,39.43356,-112.6902,1,2.0,510.568
USGS.392601112412201,2001,39.43356,-112.6902,1,2.0,444.739
USGS.392601112412201,2002,39.43356,-112.6902,1,2.0,391.713
USGS.392601112412201,2003,39.43356,-112.6902,1,2.0,474.425
USGS.392601112412201,2004,39.43356,-112.6902,1,2.0,406.224
USGS.392601112412201,2005,39.43356,-112.6902,1,2.0,442.998
USGS.392601112412201,2006,39.43356,-112.6902,1,2.0,385.173
USGS.392601112412201,2007,39.43356,-112.6902,1,2.0,418.435
USGS.392601112412201,2008,39.43356,-112.6902,1,2.0,432.956
USGS.392601112412201,2009,39.43356,-112.6902,1,2.0,485.391
USGS.392601112412201,2010,39.43356,-112.6902,1,2.0,494.206
USGS.392601112412201,2011,39.43356,-112.6902,1,2.0,624.868
USGS.392601112412201,2012,39.43356,-112.6902,1,2.0,518.321
USGS.392601112412201,2013,39.43356,-112.6902,1,2.0,492.086
USGS.392601112412201,2014,39.43356,-112.6902,1,2.0,445.808
USGS.392601112412201,2015,39.43356,-112.6902,1,2.0,508.001
USGS.392601112412201,2016,39.43356,-112.6902,1,2.0,477.206
USGS.392601112412201,2017,39.43356,-112.6902,1,2.0,624.529
USGS.392601112412201,2018,39.43356,-112.6902,1,2.0,465.065
USGS.392601112412201,2019,39.43356,-112.6902,1,2.0,661.245
USGS.392601112412201,2020,39.43356,-112.6902,1,2.1,630.59
USGS.392601112412201,2021,39.43356,-112.6902,1,2.1,662.335
USGS.392601112412201,2022,39.43356,-112.6902,1,2.1,574.038
USGS.392601112412201,2023,39.43356,-112.6902,1,2.1,690.231
USGS.392601112412201,2024,39.43356,-112.6902,1,2.1,666.008
USGS.392601112412201,2025,39.43356,-112.6902,1,2.1,607.817
USGS.400932101404101,2000,40.15888,-101.6785,1,2.0,691.491
USGS.400932101404101,2001,40.15888,-101.6785,1,2.0,704.18
USGS.400932101404101,2002,40.15888,-101.6785,1,2.0,685.716
USGS.400932101404101,2003,40.15888,-101.6785,1,2.0,689.694
USGS.400932101404101,2004,40.15888,-101.6785,1,2.0,679.988
USGS.400932101404101,2005,40.15888,-101.6785,1,2.0,769.901
USGS.400932101404101,2006,40.15888,-101.6785,1,2.0,662.033
USGS.400932101404101,2007,40.15888,-101.6785,1,2.0,619.024
USGS.400932101404101,2008,40.15888,-101.6785,1,2.0,705.243
USGS.400932101404101,2009,40.15888,-101.6785,1,2.0,611.561
USGS.400932101404101,2010,40.15888,-101.6785,1,2.0,682.456
USGS.400932101404101,2011,40.15888,-101.6785,1,2.0,658.102
USGS.400932101404101,2012,40.15888,-101.6785,1,2.0,624.24
USGS.400932101404101,2013,40.15888,-101.6785,1,2.0,675.579
USGS.400932101404101,2014,40.15888,-101.6785,1,2.0,644.668
USGS.400932101404101,2015,40.15888,-101.6785,1,2.0,748.886
USGS.400932101404101,2016,40.15888,-101.6785,1,2.0,751.731
USGS.400932101404101,2017,40.15888,-101.6785,1,2.0,722.851
USGS.400932101404101,2018,40.15888,-101.6785,1,2.0,777.429
USGS.400932101404101,2019,40.15888,-101.6785,1,2.0,594.097
USGS.400932101404101,2020,40.15888,-101.6785,1,2.1,731.608
USGS.400932101404101,2021,40.15888,-101.6785,1,2.1,710.115
USGS.400932101404101,2022,40.15888,-101.6785,1,2.1,684.05
USGS.400932101404101,2023,40.15888,-101.6785,1,2.1,752.728
USGS.400932101404101,2024,40.15888,-101.6785,1,2.1,836.63
USGS.400932101404101,2025,40.15888,-101.6785,1,2.1,779.831
USGS.402103099402900,2000,40.35123,-99.67398,1,2.0,577.175
USGS.402103099402900,2001,40.35123,-99.67398,1,2.0,738.85
USGS.402103099402900,2002,40.35123,-99.67398,1,2.0,662.146
USGS.402103099402900,2003,40.35123,-99.67398,1,2.0,642.952
USGS.402103099402900,2004,40.35123,-99.67398,1,2.0,668.598
USGS.402103099402900,2005,40.35123,-99.67398,1,2.0,776.528
USGS.402103099402900,2006,40.35123,-99.67398,1,2.0,670.902
USGS.402103099402900,2007,40.35123,-99.67398,1,2.0,703.874
USGS.402103099402900,2008,40.35123,-99.67398,1,2.0,737.824
USGS.402103099402900,2009,40.35123,-99.67398,1,2.0,738.818
USGS.402103099402900,2010,40.35123,-99.67398,1,2.0,725.498
USGS.402103099402900,2011,40.35123,-99.67398,1,2.0,619.647
USGS.402103099402900,2012,40.35123,-99.67398,1,2.0,793.211
USGS.402103099402900,2013,40.35123,-99.67398,1,2.0,636.851
USGS.402103099402900,2014,40.35123,-99.67398,1,2.0,709.446
USGS.402103099402900,2015,40.35123,-99.67398,1,2.0,719.493
USGS.402103099402900,2016,40.35123,-99.67398,1,2.0,679.619
USGS.402103099402900,2017,40.35123,-99.67398,1,2.0,771.44
USGS.402103099402900,2018,40.35123,-99.67398,1,2.0,755.817
USGS.402103099402900,2019,40.35123,-99.67398,1,2.0,651.456
USGS.402103099402900,2020,40.35123,-99.67398,1,2.1,716.514
USGS.402103099402900,2021,40.35123,-99.67398,1,2.1,757.902
USGS.402103099402900,2022,40.35123,-99.67398,1,2.1,784.759
USGS.402103099402900,2023,40.35123,-99.67398,1,2.1,734.592
USGS.402103099402900,2024,40.35123,-99.67398,1,2.1,771.375
USGS.402103099402900,2025,40.35123,-99.67398,1,2.1,758.946
USGS.402408099584800,2000,40.402,-99.98177,1,2.0,567.407
USGS.402408099584800,2001,40.402,-99.98177,1,2.0,797.303
USGS.402408099584800,2002,40.402,-99.98177,1,2.0,642.166
USGS.402408099584800,2003,40.402,-99.98177,1,2.0,731.511
USGS.402408099584800,2004,40.402,-99.98177,1,2.0,793.36
USGS.402408099584800,2005,40.402,-99.98177,1,2.0,856.539
USGS.402408099584800,2006,40.402,-99.98177,1,2.0,716.064
USGS.402408099584800,2007,40.402,-99.98177,1,2.0,743.265
USGS.402408099584800,2008,40.402,-99.98177,1,2.0,713.231
USGS.402408099584800,2009,40.402,-99.98177,1,2.0,728.37
USGS.402408099584800,2010,40.402,-99.98177,1,2.0,690.035
USGS.402408099584800,2011,40.402,-99.98177,1,2.0,721.442
USGS.402408099584800,2012,40.402,-99.98177,1,2.0,798.017
USGS.402408099584800,2013,40.402,-99.98177,1,2.0,672.386
USGS.402408099584800,2014,40.402,-99.98177,1,2.0,731.354
USGS.402408099584800,2015,40.402,-99.98177,1,2.0,800.653
USGS.402408099584800,2016,40.402,-99.98177,1,2.0,805.652
USGS.402408099584800,2017,40.402,-99.98177,1,2.0,661.026
USGS.402408099584800,2018,40.402,-99.98177,1,2.0,833.13
USGS.402408099584800,2019,40.402,-99.98177,1,2.0,709.988
USGS.402408099584800,2020,40.402,-99.98177,1,2.1,824.212
USGS.402408099584800,2021,40.402,-99.98177,1,2.1,711.379
USGS.402408099584800,2022,40.402,-99.98177,1,2.1,869.112
USGS.402408099584800,2023,40.402,-99.98177,1,2.1,798.532
USGS.402408099584800,2024,40.402,-99.98177,1,2.1,828.373
USGS.402408099584800,2025,40.402,-99.98177,1,2.1,750.991
USGS.403235101395501,2000,40.54472,-101.6668,1,2.0,756.194
USGS.403235101395501,2001,40.54472,-101.6668,1,2.0,771.383
USGS.403235101395501,2002,40.54472,-101.6668,1,2.0,715.566
USGS.403235101395501,2003,40.54472,-101.6668,1,2.0,782.897
USGS.403235101395501,2004,40.54472,-101.6668,1,2.0,655.086
USGS.403235101395501,2005,40.54472,-101.6668,1,2.0,883.403
USGS.403235101395501,2006,40.54472,-101.6668,1,2.0,726.091
USGS.403235101395501,2007,40.54472,-101.6668,1,2.0,739.694
USGS.403235101395501,2008,40.54472,-101.6668,1,2.0,754.624
USGS.403235101395501,2009,40.54472,-101.6668,1,2.0,753.749
USGS.403235101395501,2010,40.54472,-101.6668,1,2.0,770.131
USGS.403235101395501,2011,40.54472,-101.6668,1,2.0,658.442
USGS.403235101395501,2012,40.54472,-101.6668,1,2.0,719.555
USGS.403235101395501,2013,40.54472,-101.6668,1,2.0,733.818
USGS.403235101395501,2014,40.54472,-101.6668,1,2.0,786.709
USGS.403235101395501,2015,40.54472,-101.6668,1,2.0,771.75
USGS.403235101395501,2016,40.54472,-101.6668,1,2.0,780.291
USGS.403235101395501,2017,40.54472,-101.6668,1,2.0,792.905
USGS.403235101395501,2018,40.54472,-101.6668,1,2.0,762.851
USGS.403235101395501,2019,40.54472,-101.6668,1,2.0,692.673
USGS.403235101395501,2020,40.54472,-101.6668,1,2.1,795.599
USGS.403235101395501,2021,40.54472,-101.6668,1,2.1,834.975
USGS.403235101395501,2022,40.54472,-101.6668,1,2.1,791.884
USGS.403235101395501,2023,40.54472,-101.6668,1,2.1,836.26
USGS.403235101395501,2024,40.54472,-101.6668,1,2.1,844.566
USGS.403235101395501,2025,40.54472,-101.6668,1,2.1,813.896
USGS.403949098182201,2000,40.66362,-98.30645,1,2.0,724.869
USGS.403949098182201,2001,40.66362,-98.30645,1,2.0,641.809
USGS.403949098182201,2002,40.66362,-98.30645,1,2.0,741.546
USGS.403949098182201,2003,40.66362,-98.30645,1,2.0,686.514
USGS.403949098182201,2004,40.66362,-98.30645,1,2.0,692.635
USGS.403949098182201,2005,40.66362,-98.30645,1,2.0,719.87
USGS.403949098182201,2006,40.66362,-98.30645,1,2.0,740.342
USGS.403949098182201,2007,40.66362,-98.30645,1,2.0,785.213
USGS.403949098182201,2008,40.66362,-98.30645,1,2.0,727.35
USGS.403949098182201,2009,40.66362,-98.30645,1,2.0,615.084
USGS.403949098182201,2010,40.66362,-98.30645,1,2.0,690.713
USGS.403949098182201,2011,40.66362,-98.30645,1,2.0,719.487
USGS.403949098182201,2012,40.66362,-98.30645,1,2.0,805.898
USGS.403949098182201,2013,40.66362,-98.30645,1,2.0,750.809
USGS.403949098182201,2014,40.66362,-98.30645,1,2.0,638.402
USGS.403949098182201,2015,40.66362,-98.30645,1,2.0,736.047
USGS.403949098182201,2016,40.66362,-98.30645,1,2.0,774.433
USGS.403949098182201,2017,40.66362,-98.30645,1,2.0,769.684
USGS.403949098182201,2018,40.66362,-98.30645,1,2.0,696.085
USGS.403949098182201,2019,40.66362,-98.30645,1,2.0,766.95
USGS.403949098182201,2020,40.66362,-98.30645,1,2.1,773.183
USGS.403949098182201,2021,40.66362,-98.30645,1,2.1,786.871
USGS.403949098182201,2022,40.66362,-98.30645,1,2.1,705.763
USGS.403949098182201,2023,40.66362,-98.30645,1,2.1,794.277
USGS.403949098182201,2024,40.66362,-98.30645,1,2.1,885.141
USGS.403949098182201,2025,40.66362,-98.30645,1,2.1,769.227
USGS.412603099492001,2000,41.43417,-99.82262,1,2.0,660.236
USGS.412603099492001,2001,41.43417,-99.82262,1,2.0,698.049
USGS.412603099492001,2002,41.43417,-99.82262,1,2.0,639.383
USGS.412603099492001,2003,41.43417,-99.82262,1,2.0,678.294
USGS.412603099492001,2004,41.43417,-99.82262,1,2.0,649.344
USGS.412603099492001,2005,41.43417,-99.82262,1,2.0,744.046
USGS.412603099492001,2006,41.43417,-99.82262,1,2.0,662.146
USGS.412603099492001,2007,41.43417,-99.82262,1,2.0,748.952
USGS.412603099492001,2008,41.43417,-99.82262,1,2.0,696.835
USGS.412603099492001,2009,41.43417,-99.82262,1,2.0,692.66
USGS.412603099492001,2010,41.43417,-99.82262,1,2.0,727.597
USGS.412603099492001,2011,41.43417,-99.82262,1,2.0,768.719
USGS.412603099492001,2012,41.43417,-99.82262,1,2.0,673.992
USGS.412603099492001,2013,41.43417,-99.82262,1,2.0,743.812
USGS.412603099492001,2014,41.43417,-99.82262,1,2.0,699.378
USGS.412603099492001,2015,41.43417,-99.82262,1,2.0,733.314
USGS.412603099492001,2016,41.43417,-99.82262,1,2.0,798.874
USGS.412603099492001,2017,41.43417,-99.82262,1,2.0,644.461
USGS.412603099492001,2018,41.43417,-99.82262,1,2.0,756.118
USGS.412603099492001,2019,41.43417,-99.82262,1,2.0,714.999
USGS.412603099492001,2020,41.43417,-99.82262,1,2.1,740.911
USGS.412603099492001,2021,41.43417,-99.82262,1,2.1,803.635
USGS.412603099492001,2022,41.43417,-99.82262,1,2.1,710.315
USGS.412603099492001,2023,41.43417,-99.82262,1,2.1,747.29
USGS.412603099492001,2024,41.43417,-99.82262,1,2.1,835.602
USGS.412603099492001,2025,41.43417,-99.82262,1,2.1,772.684
USGS.415754112551301,2000,41.96492,-112.9211,1,2.0,492.421
USGS.415754112551301,2001,41.96492,-112.9211,1,2.0,482.381
USGS.415754112551301,2002,41.96492,-112.9211,1,2.0,484.721
USGS.415754112551301,2003,41.96492,-112.9211,1,2.0,473.773
USGS.415754112551301,2004,41.96492,-112.9211,1,2.0,373.859
USGS.415754112551301,2005,41.96492,-112.9211,1,2.0,486.731
USGS.415754112551301,2006,41.96492,-112.9211,1,2.0,315.923
USGS.415754112551301,2007,41.96492,-112.9211,1,2.0,349.701
USGS.415754112551301,2008,41.96492,-112.9211,1,2.0,266.295
USGS.415754112551301,2009,41.96492,-112.9211,1,2.0,538.22
USGS.415754112551301,2010,41.96492,-112.9211,1,2.0,518.886
USGS.415754112551301,2011,41.96492,-112.9211,1,2.0,658.421
USGS.415754112551301,2012,41.96492,-112.9211,1,2.0,520.605
USGS.415754112551301,2013,41.96492,-112.9211,1,2.0,546.672
USGS.415754112551301,2014,41.96492,-112.9211,1,2.0,540.86
USGS.415754112551301,2015,41.96492,-112.9211,1,2.0,633.647
USGS.415754112551301,2016,41.96492,-112.9211,1,2.0,678.108
USGS.415754112551301,2017,41.96492,-112.9211,1,2.0,604.602
USGS.415754112551301,2018,41.96492,-112.9211,1,2.0,611.467
USGS.415754112551301,2019,41.96492,-112.9211,1,2.0,637.361
USGS.415754112551301,2020,41.96492,-112.9211,1,2.1,642.953
USGS.415754112551301,2021,41.96492,-112.9211,1,2.1,561.616
USGS.415754112551301,2022,41.96492,-112.9211,1,2.1,668.383
USGS.415754112551301,2023,41.96492,-112.9211,1,2.1,757.65
USGS.415754112551301,2024,41.96492,-112.9211,1,2.1,631.791
USGS.415754112551301,2025,41.96492,-112.9211,1,2.1,668.002
USGS.433218112191601,2000,43.53824,-112.3219,1,2.0,463.263
USGS.433218112191601,2001,43.53824,-112.3219,1,2.0,368.942
USGS.433218112191601,2002,43.53824,-112.3219,1,2.0,427.863
USGS.433218112191601,2003,43.53824,-112.3219,1,2.0,357.344
USGS.433218112191601,2004,43.53824,-112.3219,1,2.0,409.865
USGS.433218112191601,2005,43.53824,-112.3219,1,2.0,390.537
USGS.433218112191601,2006,43.53824,-112.3219,1,2.0,433.276
USGS.433218112191601,2007,43.53824,-112.3219,1,2.0,426.139
USGS.433218112191601,2008,43.53824,-112.3219,1,2.0,374.807
USGS.433218112191601,2009,43.53824,-112.3219,1,2.0,420.065
USGS.433218112191601,2010,43.53824,-112.3219,1,2.0,392.376
USGS.433218112191601,2011,43.53824,-112.3219,1,2.0,425.183
USGS.433218112191601,2012,43.53824,-112.3219,1,2.0,418.58
USGS.433218112191601,2013,43.53824,-112.3219,1,2.0,415.408
USGS.433218112191601,2014,43.53824,-112.3219,1,2.0,425.045
USGS.433218112191601,2015,43.53824,-112.3219,1,2.0,375.198
USGS.433218112191601,2016,43.53824,-112.3219,1,2.0,450.896
USGS.433218112191601,2017,43.53824,-112.3219,1,2.0,461.158
USGS.433218112191601,2018,43.53824,-112.3219,1,2.0,511.216
USGS.433218112191601,2019,43.53824,-112.3219,1,2.0,516.554
USGS.433218112191601,2020,43.53824,-112.3219,1,2.1,515.356
USGS.433218112191601,2021,43.53824,-112.3219,1,2.1,513.325
USGS.433218112191601,2022,43.53824,-112.3219,1,2.1,500.544
USGS.433218112191601,2023,43.53824,-112.3219,1,2.1,499.957
USGS.433218112191601,2024,43.53824,-112.3219,1,2.1,621.074
USGS.433218112191601,2025,43.53824,-112.3219,1,2.1,645.548
USGS.434102112180701,2000,43.68389,-112.3028,1,2.0,616.787
USGS.434102112180701,2001,43.68389,-112.3028,1,2.0,368.253
USGS.434102112180701,2002,43.68389,-112.3028,1,2.0,562.057
USGS.434102112180701,2003,43.68389,-112.3028,1,2.0,599.539
USGS.434102112180701,2004,43.68389,-112.3028,1,2.0,557.084
USGS.434102112180701,2005,43.68389,-112.3028,1,2.0,521.623
USGS.434102112180701,2006,43.68389,-112.3028,1,2.0,524.788
USGS.434102112180701,2007,43.68389,-112.3028,1,2.0,508.788
USGS.434102112180701,2008,43.68389,-112.3028,1,2.0,399.16
USGS.434102112180701,2009,43.68389,-112.3028,1,2.0,565.221
USGS.434102112180701,2010,43.68389,-112.3028,1,2.0,522.767
USGS.434102112180701,2011,43.68389,-112.3028,1,2.0,566.147
USGS.434102112180701,2012,43.68389,-112.3028,1,2.0,484.525
USGS.434102112180701,2013,43.68389,-112.3028,1,2.0,522.078
USGS.434102112180701,2014,43.68389,-112.3028,1,2.0,663.618
USGS.434102112180701,2015,43.68389,-112.3028,1,2.0,678.102
USGS.434102112180701,2016,43.68389,-112.3028,1,2.0,676.001
USGS.434102112180701,2017,43.68389,-112.3028,1,2.0,667.214
USGS.434102112180701,2018,43.68389,-112.3028,1,2.0,727.571
USGS.434102112180701,2019,43.68389,-112.3028,1,2.0,677.071
USGS.434102112180701,2020,43.68389,-112.3028,1,2.1,730.884
USGS.434102112180701,2021,43.68389,-112.3028,1,2.1,748.581
USGS.434102112180701,2022,43.68389,-112.3028,1,2.1,707.846
USGS.434102112180701,2023,43.68389,-112.3028,1,2.1,763.045
USGS.434102112180701,2024,43.68389,-112.3028,1,2.1,883.594
USGS.434102112180701,2025,43.68389,-112.3028,1,2.1,801.618
USGS.434657112282201,2000,43.78211,-112.4735,1,2.0,313.492
USGS.434657112282201,2001,43.78211,-112.4735,1,2.0,260.273
USGS.434657112282201,2002,43.78211,-112.4735,1,2.0,285.134
USGS.434657112282201,2003,43.78211,-112.4735,1,2.0,398.778
USGS.434657112282201,2004,43.78211,-112.4735,1,2.0,301.843
USGS.434657112282201,2005,43.78211,-112.4735,1,2.0,345.123
USGS.434657112282201,2006,43.78211,-112.4735,1,2.0,381.972
USGS.434657112282201,2007,43.78211,-112.4735,1,2.0,353.44
USGS.434657112282201,2008,43.78211,-112.4735,1,2.0,311.869
USGS.434657112282201,2009,43.78211,-112.4735,1,2.0,419.841
USGS.434657112282201,2010,43.78211,-112.4735,1,2.0,407.212
USGS.434657112282201,2011,43.78211,-112.4735,1,2.0,407.594
USGS.434657112282201,2012,43.78211,-112.4735,1,2.0,275.177
USGS.434657112282201,2013,43.78211,-112.4735,1,2.0,263.251
USGS.434657112282201,2014,43.78211,-112.4735,1,2.0,385.987
USGS.434657112282201,2015,43.78211,-112.4735,1,2.0,383.367
USGS.434657112282201,2016,43.78211,-112.4735,1,2.0,329.707
USGS.434657112282201,2017,43.78211,-112.4735,1,2.0,475.015
USGS.434657112282201,2018,43.78211,-112.4735,1,2.0,425.007
USGS.434657112282201,2019,43.78211,-112.4735,1,2.0,335.027
USGS.434657112282201,2020,43.78211,-112.4735,1,2.1,403.549
USGS.434657112282201,2021,43.78211,-112.4735,1,2.1,397.804
USGS.434657112282201,2022,43.78211,-112.4735,1,2.1,299.839
USGS.434657112282201,2023,43.78211,-112.4735,1,2.1,495.58
USGS.434657112282201,2024,43.78211,-112.4735,1,2.1,377.98
USGS.434657112282201,2025,43.78211,-112.4735,1,2.1,376.234
USSCS.352158090232301,2000,35.36662,-90.39071,1,2.0,775.241
USSCS.352158090232301,2001,35.36662,-90.39071,1,2.0,847.193
USSCS.352158090232301,2002,35.36662,-90.39071,1,2.0,732.822
USSCS.352158090232301,2003,35.36662,-90.39071,1,2.0,780.559
USSCS.352158090232301,2004,35.36662,-90.39071,1,2.0,788.128
USSCS.352158090232301,2005,35.36662,-90.39071,1,2.0,828.989
USSCS.352158090232301,2006,35.36662,-90.39071,1,2.0,841.043
USSCS.352158090232301,2007,35.36662,-90.39071,1,2.0,838.802
USSCS.352158090232301,2008,35.36662,-90.39071,1,2.0,876.315
USSCS.352158090232301,2009,35.36662,-90.39071,1,2.0,821.001
USSCS.352158090232301,2010,35.36662,-90.39071,1,2.0,826.141
USSCS.352158090232301,2011,35.36662,-90.39071,1,2.0,751.675
USSCS.352158090232301,2012,35.36662,-90.39071,1,2.0,946.047
USSCS.352158090232301,2013,35.36662,-90.39071,1,2.0,872.454
USSCS.352158090232301,2014,35.36662,-90.39071,1,2.0,860.283
USSCS.352158090232301,2015,35.36662,-90.39071,1,2.0,799.421
USSCS.352158090232301,2016,35.36662,-90.39071,1,2.0,793.001
USSCS.352158090232301,2017,35.36662,-90.39071,1,2.0,808.997
USSCS.352158090232301,2018,35.36662,-90.39071,1,2.0,872.695
USSCS.352158090232301,2019,35.36662,-90.39071,1,2.0,884.43
USSCS.352158090232301,2020,35.36662,-90.39071,1,2.1,772.297
USSCS.352158090232301,2021,35.36662,-90.39071,1,2.1,826.05
USSCS.352158090232301,2022,35.36662,-90.39071,1,2.1,881.132
USSCS.352158090232301,2023,35.36662,-90.39071,1,2.1,886.447
USSCS.352158090232301,2024,35.36662,-90.39071,1,2.1,863.946
USSCS.352158090232301,2025,35.36662,-90.39071,1,2.1,861.276
USSCS.355018090512401,2000,35.83535,-90.85817,1,2.0,867.556
USSCS.355018090512401,2001,35.83535,-90.85817,1,2.0,755.308
USSCS.355018090512401,2002,35.83535,-90.85817,1,2.0,844.213
USSCS.355018090512401,2003,35.83535,-90.85817,1,2.0,775.058
USSCS.355018090512401,2004,35.83535,-90.85817,1,2.0,814.254
USSCS.355018090512401,2005,35.83535,-90.85817,1,2.0,788.219
USSCS.355018090512401,2006,35.83535,-90.85817,1,2.0,870.555
USSCS.355018090512401,2007,35.83535,-90.85817,1,2.0,815.763
USSCS.355018090512401,2008,35.83535,-90.85817,1,2.0,858.899
USSCS.355018090512401,2009,35.83535,-90.85817,1,2.0,750.75
USSCS.355018090512401,2010,35.83535,-90.85817,1,2.0,884.151
USSCS.355018090512401,2011,35.83535,-90.85817,1,2.0,789.801
USSCS.355018090512401,2012,35.83535,-90.85817,1,2.0,917.573
USSCS.355018090512401,2013,35.83535,-90.85817,1,2.0,855.215
USSCS.355018090512401,2014,35.83535,-90.85817,1,2.0,885.81
USSCS.355018090512401,2015,35.83535,-90.85817,1,2.0,831.414
USSCS.355018090512401,2016,35.83535,-90.85817,1,2.0,835.988
USSCS.355018090512401,2017,35.83535,-90.85817,1,2.0,781.731
USSCS.355018090512401,2018,35.83535,-90.85817,1,2.0,904.752
USSCS.355018090512401,2019,35.83535,-90.85817,1,2.0,814.239
USSCS.355018090512401,2020,35.83535,-90.85817,1,2.1,788.374
USSCS.355018090512401,2021,35.83535,-90.85817,1,2.1,865.133
USSCS.355018090512401,2022,35.83535,-90.85817,1,2.1,823.495
USSCS.355018090512401,2023,35.83535,-90.85817,1,2.1,848.761
USSCS.355018090512401,2024,35.83535,-90.85817,1,2.1,879.103
USSCS.355018090512401,2025,35.83535,-90.85817,1,2.1,830.631
amargosa,2000,36.55634,-116.496,1,2.0,60.622
amargosa,2001,36.55634,-116.496,1,2.0,44.74
amargosa,2002,36.55634,-116.496,1,2.0,51.233
amargosa,2003,36.55634,-116.496,1,2.0,85.438
amargosa,2004,36.55634,-116.496,1,2.0,80.7
amargosa,2005,36.55634,-116.496,1,2.0,86.66
amargosa,2006,36.55634,-116.496,1,2.0,29.926
amargosa,2007,36.55634,-116.496,1,2.0,70.379
amargosa,2008,36.55634,-116.496,1,2.0,45.153
amargosa,2009,36.55634,-116.496,1,2.0,41.834
amargosa,2010,36.55634,-116.496,1,2.0,62.501
amargosa,2011,36.55634,-116.496,1,2.0,52.407
amargosa,2012,36.55634,-116.496,1,2.0,58.621
amargosa,2013,36.55634,-116.496,1,2.0,61.098
amargosa,2014,36.55634,-116.496,1,2.0,74.357
amargosa,2015,36.55634,-116.496,1,2.0,84.829
amargosa,2016,36.55634,-116.496,1,2.0,100.962
amargosa,2017,36.55634,-116.496,1,2.0,68.612
amargosa,2018,36.55634,-116.496,1,2.0,72.196
amargosa,2019,36.55634,-116.496,1,2.0,70.304
amargosa,2020,36.55634,-116.496,1,2.1,72.901
amargosa,2021,36.55634,-116.496,1,2.1,41.626
amargosa,2022,36.55634,-116.496,1,2.1,51.262
amargosa,2023,36.55634,-116.496,1,2.1,67.421
amargosa,2024,36.55634,-116.496,1,2.1,95.308
amargosa,2025,36.55634,-116.496,1,2.1,65.942
butler_valley,2000,33.95808,-113.784,1,2.0,992.724
butler_valley,2001,33.95808,-113.784,1,2.0,1102.915
butler_valley,2002,33.95808,-113.784,1,2.0,1083.761
butler_valley,2003,33.95808,-113.784,1,2.0,1172.162
butler_valley,2004,33.95808,-113.784,1,2.0,685.019
butler_valley,2005,33.95808,-113.784,1,2.0,1171.729
butler_valley,2006,33.95808,-113.784,1,2.0,1217.415
butler_valley,2007,33.95808,-113.784,1,2.0,1362.269
butler_valley,2008,33.95808,-113.784,1,2.0,1237.843
butler_valley,2009,33.95808,-113.784,1,2.0,922.797
butler_valley,2010,33.95808,-113.784,1,2.0,763.354
butler_valley,2011,33.95808,-113.784,1,2.0,638.399
butler_valley,2012,33.95808,-113.784,1,2.0,1210.752
butler_valley,2013,33.95808,-113.784,1,2.0,1279.013
butler_valley,2014,33.95808,-113.784,1,2.0,1217.526
butler_valley,2015,33.95808,-113.784,1,2.0,1163.948
butler_valley,2016,33.95808,-113.784,1,2.0,1160.069
butler_valley,2017,33.95808,-113.784,1,2.0,1495.407
butler_valley,2018,33.95808,-113.784,1,2.0,1472.328
butler_valley,2019,33.95808,-113.784,1,2.0,1320.329
butler_valley,2020,33.95808,-113.784,1,2.1,1364.09
butler_valley,2021,33.95808,-113.784,1,2.1,1422.976
butler_valley,2022,33.95808,-113.784,1,2.1,1390.637
butler_valley,2023,33.95808,-113.784,1,2.1,1515.831
butler_valley,2024,33.95808,-113.784,1,2.1,390.047
butler_valley,2025,33.95808,-113.784,1,2.1,134.509
cuyama,2000,34.89025548,-119.6165171,1,2.0,217.712
cuyama,2001,34.89025548,-119.6165171,1,2.0,200.797
cuyama,2002,34.89025548,-119.6165171,1,2.0,103.353
cuyama,2003,34.89025548,-119.6165171,1,2.0,246.347
cuyama,2004,34.89025548,-119.6165171,1,2.0,160.007
cuyama,2005,34.89025548,-119.6165171,1,2.0,259.464
cuyama,2006,34.89025548,-119.6165171,1,2.0,188.069
cuyama,2007,34.89025548,-119.6165171,1,2.0,86.37
cuyama,2008,34.89025548,-119.6165171,1,2.0,103.677
cuyama,2009,34.89025548,-119.6165171,1,2.0,128.124
cuyama,2010,34.89025548,-119.6165171,1,2.0,248.091
cuyama,2011,34.89025548,-119.6165171,1,2.0,160.652
cuyama,2012,34.89025548,-119.6165171,1,2.0,127.978
cuyama,2013,34.89025548,-119.6165171,1,2.0,111.243
cuyama,2014,34.89025548,-119.6165171,1,2.0,84.756
cuyama,2015,34.89025548,-119.6165171,1,2.0,241.032
cuyama,2016,34.89025548,-119.6165171,1,2.0,244.473
cuyama,2017,34.89025548,-119.6165171,1,2.0,263.624
cuyama,2018,34.89025548,-119.6165171,1,2.0,133.133
cuyama,2019,34.89025548,-119.6165171,1,2.0,296.826
cuyama,2020,34.89025548,-119.6165171,1,2.1,224.667
cuyama,2021,34.89025548,-119.6165171,1,2.1,109.787
cuyama,2022,34.89025548,-119.6165171,1,2.1,111.583
cuyama,2023,34.89025548,-119.6165171,1,2.1,345.727
cuyama,2024,34.89025548,-119.6165171,1,2.1,352.169
cuyama,2025,34.89025548,-119.6165171,1,2.1,165.368
hualapai_valley,2000,35.47122,-113.976,1,2.0,138.624
hualapai_valley,2001,35.47122,-113.976,1,2.0,228.206
hualapai_valley,2002,35.47122,-113.976,1,2.0,98.744
hualapai_valley,2003,35.47122,-113.976,1,2.0,209.257
hualapai_valley,2004,35.47122,-113.976,1,2.0,134.67
hualapai_valley,2005,35.47122,-113.976,1,2.0,280.566
hualapai_valley,2006,35.47122,-113.976,1,2.0,119.35
hualapai_valley,2007,35.47122,-113.976,1,2.0,116.054
hualapai_valley,2008,35.47122,-113.976,1,2.0,155.609
hualapai_valley,2009,35.47122,-113.976,1,2.0,156.297
hualapai_valley,2010,35.47122,-113.976,1,2.0,190.213
hualapai_valley,2011,35.47122,-113.976,1,2.0,174.719
hualapai_valley,2012,35.47122,-113.976,1,2.0,172.163
hualapai_valley,2013,35.47122,-113.976,1,2.0,145.896
hualapai_valley,2014,35.47122,-113.976,1,2.0,223.157
hualapai_valley,2015,35.47122,-113.976,1,2.0,766.456
hualapai_valley,2016,35.47122,-113.976,1,2.0,760.857
hualapai_valley,2017,35.47122,-113.976,1,2.0,879.81
hualapai_valley,2018,35.47122,-113.976,1,2.0,484.065
hualapai_valley,2019,35.47122,-113.976,1,2.0,422.098
hualapai_valley,2020,35.47122,-113.976,1,2.1,372.558
hualapai_valley,2021,35.47122,-113.976,1,2.1,295.417
hualapai_valley,2022,35.47122,-113.976,1,2.1,221.01
hualapai_valley,2023,35.47122,-113.976,1,2.1,470.658
hualapai_valley,2024,35.47122,-113.976,1,2.1,172.425
hualapai_valley,2025,35.47122,-113.976,1,2.1,169.079
mcmullen_valley,2000,33.95725,-113.08,1,2.0,224.61
mcmullen_valley,2001,33.95725,-113.08,1,2.0,374.717
mcmullen_valley,2002,33.95725,-113.08,1,2.0,142.023
mcmullen_valley,2003,33.95725,-113.08,1,2.0,307.005
mcmullen_valley,2004,33.95725,-113.08,1,2.0,200.278
mcmullen_valley,2005,33.95725,-113.08,1,2.0,525.355
mcmullen_valley,2006,33.95725,-113.08,1,2.0,285.511
mcmullen_valley,2007,33.95725,-113.08,1,2.0,203.72
mcmullen_valley,2008,33.95725,-113.08,1,2.0,300.475
mcmullen_valley,2009,33.95725,-113.08,1,2.0,273.603
mcmullen_valley,2010,33.95725,-113.08,1,2.0,311.482
mcmullen_valley,2011,33.95725,-113.08,1,2.0,133.641
mcmullen_valley,2012,33.95725,-113.08,1,2.0,239.001
mcmullen_valley,2013,33.95725,-113.08,1,2.0,342.184
mcmullen_valley,2014,33.95725,-113.08,1,2.0,316.529
mcmullen_valley,2015,33.95725,-113.08,1,2.0,320.626
mcmullen_valley,2016,33.95725,-113.08,1,2.0,234.526
mcmullen_valley,2017,33.95725,-113.08,1,2.0,363.828
mcmullen_valley,2018,33.95725,-113.08,1,2.0,300.029
mcmullen_valley,2019,33.95725,-113.08,1,2.0,336.09
mcmullen_valley,2020,33.95725,-113.08,1,2.1,468.879
mcmullen_valley,2021,33.95725,-113.08,1,2.1,218.347
mcmullen_valley,2022,33.95725,-113.08,1,2.1,360.792
mcmullen_valley,2023,33.95725,-113.08,1,2.1,411.879
mcmullen_valley,2024,33.95725,-113.08,1,2.1,329.633
mcmullen_valley,2025,33.95725,-113.08,1,2.1,175.863
san_simon_valley,2000,32.17119,-109.158,1,2.0,482.819
san_simon_valley,2001,32.17119,-109.158,1,2.0,656.822
san_simon_valley,2002,32.17119,-109.158,1,2.0,526.602
san_simon_valley,2003,32.17119,-109.158,1,2.0,618.764
san_simon_valley,2004,32.17119,-109.158,1,2.0,783.769
san_simon_valley,2005,32.17119,-109.158,1,2.0,829.165
san_simon_valley,2006,32.17119,-109.158,1,2.0,1016.753
san_simon_valley,2007,32.17119,-109.158,1,2.0,1021.836
san_simon_valley,2008,32.17119,-109.158,1,2.0,955.72
san_simon_valley,2009,32.17119,-109.158,1,2.0,878.02
san_simon_valley,2010,32.17119,-109.158,1,2.0,666.273
san_simon_valley,2011,32.17119,-109.158,1,2.0,827.482
san_simon_valley,2012,32.17119,-109.158,1,2.0,804.423
san_simon_valley,2013,32.17119,-109.158,1,2.0,632.621
san_simon_valley,2014,32.17119,-109.158,1,2.0,708.986
san_simon_valley,2015,32.17119,-109.158,1,2.0,428.41
san_simon_valley,2016,32.17119,-109.158,1,2.0,472.971
san_simon_valley,2017,32.17119,-109.158,1,2.0,456.959
san_simon_valley,2018,32.17119,-109.158,1,2.0,561.955
san_simon_valley,2019,32.17119,-109.158,1,2.0,786.409
san_simon_valley,2020,32.17119,-109.158,1,2.1,1002.591
san_simon_valley,2021,32.17119,-109.158,1,2.1,998.924
san_simon_valley,2022,32.17119,-109.158,1,2.1,1026.579
san_simon_valley,2023,32.17119,-109.158,1,2.1,1220.757
san_simon_valley,2024,32.17119,-109.158,1,2.1,1248.772
san_simon_valley,2025,32.17119,-109.158,1,2.1,1190.372
southern_willcox,2000,31.36597,-109.663,1,2.0,320.135
southern_willcox,2001,31.36597,-109.663,1,2.0,274.667
southern_willcox,2002,31.36597,-109.663,1,2.0,230.081
southern_willcox,2003,31.36597,-109.663,1,2.0,201.004
southern_willcox,2004,31.36597,-109.663,1,2.0,166.855
southern_willcox,2005,31.36597,-109.663,1,2.0,157.737
southern_willcox,2006,31.36597,-109.663,1,2.0,233.549
southern_willcox,2007,31.36597,-109.663,1,2.0,307.303
southern_willcox,2008,31.36597,-109.663,1,2.0,244.619
southern_willcox,2009,31.36597,-109.663,1,2.0,157.196
southern_willcox,2010,31.36597,-109.663,1,2.0,325.711
southern_willcox,2011,31.36597,-109.663,1,2.0,182.253
southern_willcox,2012,31.36597,-109.663,1,2.0,232.896
southern_willcox,2013,31.36597,-109.663,1,2.0,312.7
southern_willcox,2014,31.36597,-109.663,1,2.0,388.972
southern_willcox,2015,31.36597,-109.663,1,2.0,405.08
southern_willcox,2016,31.36597,-109.663,1,2.0,341.912
southern_willcox,2017,31.36597,-109.663,1,2.0,397.466
southern_willcox,2018,31.36597,-109.663,1,2.0,370.988
southern_willcox,2019,31.36597,-109.663,1,2.0,383.253
southern_willcox,2020,31.36597,-109.663,1,2.1,440.685
southern_willcox,2021,31.36597,-109.663,1,2.1,492.835
southern_willcox,2022,31.36597,-109.663,1,2.1,497.696
southern_willcox,2023,31.36597,-109.663,1,2.1,405.824
southern_willcox,2024,31.36597,-109.663,1,2.1,452.786
southern_willcox,2025,31.36597,-109.663,1,2.1,407.141
willcox,2000,32.03619,-109.754,1,2.0,789.712
willcox,2001,32.03619,-109.754,1,2.0,846.039
willcox,2002,32.03619,-109.754,1,2.0,886.575
willcox,2003,32.03619,-109.754,1,2.0,967.657
willcox,2004,32.03619,-109.754,1,2.0,898.844
willcox,2005,32.03619,-109.754,1,2.0,944.015
willcox,2006,32.03619,-109.754,1,2.0,859.314
willcox,2007,32.03619,-109.754,1,2.0,945.913
willcox,2008,32.03619,-109.754,1,2.0,928.946
willcox,2009,32.03619,-109.754,1,2.0,858.886
willcox,2010,32.03619,-109.754,1,2.0,840.861
willcox,2011,32.03619,-109.754,1,2.0,832.53
willcox,2012,32.03619,-109.754,1,2.0,848.14
willcox,2013,32.03619,-109.754,1,2.0,932.788
willcox,2014,32.03619,-109.754,1,2.0,942.466
willcox,2015,32.03619,-109.754,1,2.0,735.658
willcox,2016,32.03619,-109.754,1,2.0,561.319
willcox,2017,32.03619,-109.754,1,2.0,530.228
willcox,2018,32.03619,-109.754,1,2.0,569.689
willcox,2019,32.03619,-109.754,1,2.0,591.662
willcox,2020,32.03619,-109.754,1,2.1,703.334
willcox,2021,32.03619,-109.754,1,2.1,611.347
willcox,2022,32.03619,-109.754,1,2.1,799.466
willcox,2023,32.03619,-109.754,1,2.1,861.585
willcox,2024,32.03619,-109.754,1,2.1,825.554
willcox,2025,32.03619,-109.754,1,2.1,657.627
